subject,session_changed,emotion_changed,EER
1,0,0,0.19398148148148148
2,0,0,0.19999999999999998
3,0,0,0.14647887323943665
4,0,0,0.07370892018779343
5,0,0,0.14385964912280702
6,0,0,0.11857142857142856
7,0,0,0.2564444444444444
8,0,0,0.09374999999999999
9,0,0,0.03377192982456141
10,0,0,0.24000000000000002
11,0,0,0.1263157894736842
12,0,0,0.08185654008438817
13,0,0,0.3178743961352657
14,0,0,0.04892473118279568
15,0,0,0.1454954954954955
16,0,0,0.12054794520547948
1,0,1,0.2212121212121212
2,0,1,0.2684587813620072
3,0,1,0.1730769230769231
4,0,1,0.16309523809523807
5,0,1,0.2628787878787879
6,0,1,0.3101123595505618
7,0,1,0.1358695652173913
8,0,1,0.14559386973180077
9,0,1,0.012820512820512801
10,0,1,0.25543071161048686
11,0,1,0.18784313725490195
12,0,1,0.0
13,0,1,0.3644688644688645
14,0,1,0.07925925925925922
15,0,1,0.35189003436426114
16,0,1,0.23876811594202896
1,0,1,0.24649122807017543
2,0,1,0.26824146981627295
3,0,1,0.23124999999999998
4,0,1,0.1157181571815718
5,0,1,0.22748538011695907
6,0,1,0.2887878787878788
7,0,1,0.19166666666666665
8,0,1,0.11993769470404986
9,0,1,0.06902654867256637
10,0,1,0.23058103975535166
11,0,1,0.12309941520467839
12,0,1,0.17798742138364776
13,0,1,0.3219298245614035
14,0,1,0.06862745098039215
15,0,1,0.21768115942028984
16,0,1,0.11091954022988504
1,0,1,0.18442028985507247
2,0,1,0.29616858237547894
3,0,1,0.3314393939393939
4,0,1,0.12575757575757576
5,0,1,0.19925925925925925
6,0,1,0.36666666666666664
7,0,1,0.13894736842105262
8,0,1,0.1776595744680851
9,0,1,0.08352490421455938
10,0,1,0.2633699633699633
11,0,1,0.17362637362637365
12,0,1,0.011494252873563211
13,0,1,0.37244897959183676
14,0,1,0.10823529411764704
15,0,1,0.3684027777777778
16,0,1,0.12490842490842492
1,0,1,0.2
2,0,1,0.28378378378378377
3,0,1,0.18172043010752686
4,0,1,0.15137254901960784
5,0,1,0.21566265060240966
6,0,1,0.2272727272727273
7,0,1,0.12784313725490196
8,0,1,0.25502008032128515
9,0,1,0.1761904761904762
10,0,1,0.17113821138211383
11,0,1,0.17490196078431375
12,0,1,0.010288065843621427
13,0,1,0.30506329113924047
14,0,1,0.029513888888888888
15,0,1,0.23952380952380953
16,0,1,0.1905982905982906
1,1,0,0.18368055555555554
2,1,0,0.2754681647940075
3,1,0,0.23880070546737214
4,1,0,0.12222222222222223
5,1,0,0.2895348837209302
6,1,0,0.13541666666666663
7,1,0,0.6720164609053498
8,1,0,0.11705882352941177
9,1,0,0.11569767441860465
10,1,0,0.3775925925925926
11,1,0,0.26027944111776447
12,1,0,0.04101221640488659
13,1,0,0.3097142857142857
14,1,0,0.05274914089347081
15,1,0,0.2147747747747748
16,1,0,0.09944444444444443
1,1,1,0.1091954022988506
2,1,1,0.25865800865800864
3,1,1,0.25316455696202533
4,1,1,0.09454545454545452
5,1,1,0.24670658682634733
6,1,1,0.2291139240506329
7,1,1,0.6851851851851851
8,1,1,0.12704402515723268
9,1,1,0.10986842105263156
10,1,1,0.283531746031746
11,1,1,0.25769230769230766
12,1,1,0.010683760683760661
13,1,1,0.35642570281124497
14,1,1,0.06430107526881723
15,1,1,0.3005917159763314
16,1,1,0.1818181818181818
1,1,1,0.2424778761061947
2,1,1,0.2622908622908623
3,1,1,0.2397018970189702
4,1,1,0.12980030721966207
5,1,1,0.28793103448275864
6,1,1,0.22127659574468084
7,1,1,0.6191958495460441
8,1,1,0.0958831341301461
9,1,1,0.13674242424242422
10,1,1,0.3354609929078014
11,1,1,0.2945355191256831
12,1,1,0.016742081447963825
13,1,1,0.3856125356125356
14,1,1,0.03819742489270386
15,1,1,0.26214177978883857
16,1,1,0.1375350140056022
1,1,1,0.12154882154882155
2,1,1,0.3024432809773124
3,1,1,0.4052941176470588
4,1,1,0.13466666666666666
5,1,1,0.24064625850340135
6,1,1,0.3315217391304348
7,1,1,0.5975124378109453
8,1,1,0.12676767676767678
9,1,1,0.1308108108108108
10,1,1,0.36084142394822005
11,1,1,0.23270142180094783
12,1,1,0.02491749174917493
13,1,1,0.44719298245614036
14,1,1,0.061224489795918345
15,1,1,0.3571658615136876
16,1,1,0.1379251700680272
1,1,1,0.1803030303030303
2,1,1,0.2872881355932203
3,1,1,0.2420924574209246
4,1,1,0.0835858585858586
5,1,1,0.23333333333333334
6,1,1,0.1888040712468193
7,1,1,0.7215223097112862
8,1,1,0.1051912568306011
9,1,1,0.2057742782152231
10,1,1,0.34444444444444444
11,1,1,0.2789617486338798
12,1,1,0.014358974358974333
13,1,1,0.35851851851851846
14,1,1,0.04726775956284156
15,1,1,0.2310734463276836
16,1,1,0.1556473829201102
1,1,0,0.2292565947242206
2,1,0,0.4396464646464647
3,1,0,0.2481203007518797
4,1,0,0.11705426356589146
5,1,0,0.21167883211678828
6,1,0,0.10354609929078017
7,1,0,0.5456582633053222
8,1,0,0.2394160583941606
9,1,0,0.05234567901234566
10,1,0,0.4097435897435897
11,1,0,0.24631043256997454
12,1,0,0.04705882352941174
13,1,0,0.32305555555555554
14,1,0,0.14817708333333335
15,1,0,0.2546153846153846
16,1,0,0.20512820512820515
1,1,1,0.20068728522336768
2,1,1,0.47180762852404645
3,1,1,0.3246305418719212
4,1,1,0.19342948717948716
5,1,1,0.25233644859813087
6,1,1,0.17271241830065356
7,1,1,0.6050505050505051
8,1,1,0.18977987421383646
9,1,1,0.06469696969696967
10,1,1,0.2875621890547264
11,1,1,0.2520634920634921
12,1,1,0.01962774957698813
13,1,1,0.35115511551155115
14,1,1,0.17887323943661973
15,1,1,0.3192118226600985
16,1,1,0.20656814449917899
1,1,1,0.2536745406824147
2,1,1,0.34966532797858096
3,1,1,0.4574858757062147
4,1,1,0.1053221288515406
5,1,1,0.20815752461322085
6,1,1,0.1491525423728814
7,1,1,0.5438725490196079
8,1,1,0.1567750677506775
9,1,1,0.14591977869986172
10,1,1,0.3905913978494624
11,1,1,0.2707850707850708
12,1,1,0.00853658536585368
13,1,1,0.3685560053981107
14,1,1,0.252832674571805
15,1,1,0.30584329349269584
16,1,1,0.11805006587615283
1,1,1,0.22734530938123754
2,1,1,0.3569444444444444
3,1,1,0.4387878787878788
4,1,1,0.11382575757575758
5,1,1,0.20994152046783626
6,1,1,0.15843881856540082
7,1,1,0.5420833333333333
8,1,1,0.1703463203463203
9,1,1,0.16548323471400392
10,1,1,0.35699588477366256
11,1,1,0.20460526315789473
12,1,1,0.004819277108433717
13,1,1,0.4574181117533719
14,1,1,0.2153374233128834
15,1,1,0.3440613026819923
16,1,1,0.16947791164658632
1,1,1,0.20639269406392696
2,1,1,0.49955555555555553
3,1,1,0.21451942740286298
4,1,1,0.12863534675615212
5,1,1,0.19030732860520097
6,1,1,0.2118012422360248
7,1,1,0.6370860927152318
8,1,1,0.20419426048565126
9,1,1,0.1622222222222222
10,1,1,0.3410901467505241
11,1,1,0.24977477477477478
12,1,1,0.03827956989247311
13,1,1,0.32932489451476793
14,1,1,0.19020979020979023
15,1,1,0.1976525821596244
16,1,1,0.2536231884057971
1,0,1,0.23703703703703705
2,0,1,0.15666666666666668
3,0,1,0.12488262910798124
4,0,1,0.11173708920187791
5,0,1,0.23728070175438593
6,0,1,0.17238095238095236
7,0,1,0.256
8,0,1,0.09291666666666665
9,0,1,0.056140350877193004
10,0,1,0.35875
11,0,1,0.1793859649122807
12,0,1,0.10253164556962027
13,0,1,0.333816425120773
14,0,1,0.031182795698924716
15,0,1,0.1761261261261261
16,0,1,0.27625570776255703
1,0,0,0.13299663299663297
2,0,0,0.15017921146953406
3,0,0,0.10641025641025639
4,0,0,0.05000000000000003
5,0,0,0.1568181818181818
6,0,0,0.2921348314606742
7,0,0,0.06521739130434781
8,0,0,0.11839080459770113
9,0,0,0.030769230769230764
10,0,0,0.15730337078651688
11,0,0,0.15254901960784314
12,0,0,0.0003401360544217687
13,0,0,0.28608058608058606
14,0,0,0.06444444444444444
15,0,0,0.26838487972508596
16,0,0,0.07500000000000001
1,0,1,0.2111111111111111
2,0,1,0.18713910761154856
3,0,1,0.18784722222222222
4,0,1,0.10921409214092138
5,0,1,0.14678362573099416
6,0,1,0.22636363636363638
7,0,1,0.17948717948717952
8,0,1,0.11277258566978193
9,0,1,0.08643067846607672
10,0,1,0.20978593272171253
11,0,1,0.1286549707602339
12,0,1,0.240251572327044
13,0,1,0.2818713450292397
14,0,1,0.047058823529411785
15,0,1,0.24347826086956526
16,0,1,0.3080459770114942
1,0,1,0.1536231884057971
2,0,1,0.1839080459770115
3,0,1,0.2818181818181818
4,0,1,0.1375
5,0,1,0.09962962962962962
6,0,1,0.3351063829787234
7,0,1,0.10456140350877192
8,0,1,0.1645390070921986
9,0,1,0.08160919540229886
10,0,1,0.21098901098901102
11,0,1,0.2216117216117216
12,0,1,0.04865900383141765
13,0,1,0.3377551020408164
14,0,1,0.08509803921568629
15,0,1,0.3670138888888889
16,0,1,0.24505494505494507
1,0,1,0.13153153153153152
2,0,1,0.17387387387387387
3,0,1,0.14121863799283152
4,0,1,0.17647058823529416
5,0,1,0.1068273092369478
6,0,1,0.19431818181818183
7,0,1,0.11058823529411763
8,0,1,0.19076305220883533
9,0,1,0.15357142857142858
10,0,1,0.14756097560975612
11,0,1,0.18705882352941178
12,0,1,0.006995884773662579
13,0,1,0.28312236286919834
14,0,1,0.009722222222222203
15,0,1,0.2704761904761905
16,0,1,0.10940170940170939
1,1,1,0.1984375
2,1,1,0.11685393258426965
3,1,1,0.1758377425044092
4,1,1,0.11541218637992831
5,1,1,0.34418604651162793
6,1,1,0.14131944444444444
7,1,1,0.7189300411522634
8,1,1,0.08941176470588236
9,1,1,0.11589147286821705
10,1,1,0.3831481481481481
11,1,1,0.28782435129740525
12,1,1,0.02111692844677139
13,1,1,0.28800000000000003
14,1,1,0.06288659793814433
15,1,1,0.24144144144144142
16,1,1,0.2694444444444445
1,1,0,0.19003831417624523
2,1,0,0.1621212121212121
3,1,0,0.2090717299578059
4,1,0,0.04848484848484848
5,1,0,0.14471057884231536
6,1,0,0.1831223628691983
7,1,0,0.7167755991285403
8,1,0,0.08784067085953878
9,1,0,0.10460526315789473
10,1,0,0.21250000000000002
11,1,0,0.21153846153846154
12,1,0,0.006410256410256399
13,1,0,0.29417670682730923
14,1,0,0.06494623655913981
15,1,0,0.2601577909270217
16,1,0,0.24141414141414141
1,1,1,0.20353982300884954
2,1,1,0.10849420849420849
3,1,1,0.17560975609756097
4,1,1,0.09969278033794163
5,1,1,0.19827586206896552
6,1,1,0.16936170212765958
7,1,1,0.6535667963683528
8,1,1,0.11168658698539177
9,1,1,0.1375
10,1,1,0.28595744680851065
11,1,1,0.30368852459016393
12,1,1,0.018702865761689315
13,1,1,0.33262108262108264
14,1,1,0.04206008583690986
15,1,1,0.2950226244343891
16,1,1,0.21764705882352942
1,1,1,0.1777777777777778
2,1,1,0.1254799301919721
3,1,1,0.3409803921568627
4,1,1,0.16500000000000004
5,1,1,0.14336734693877554
6,1,1,0.28840579710144926
7,1,1,0.6218905472636815
8,1,1,0.1250841750841751
9,1,1,0.13567567567567565
10,1,1,0.3239482200647249
11,1,1,0.25134281200631914
12,1,1,0.026897689768976912
13,1,1,0.39596491228070174
14,1,1,0.055612244897959184
15,1,1,0.40225442834138486
16,1,1,0.35986394557823126
1,1,1,0.21848484848484845
2,1,1,0.10875706214689268
3,1,1,0.18686131386861315
4,1,1,0.12702020202020203
5,1,1,0.13684210526315788
6,1,1,0.1513994910941476
7,1,1,0.7485564304461942
8,1,1,0.10655737704918034
9,1,1,0.18713910761154856
10,1,1,0.41381381381381377
11,1,1,0.3270491803278689
12,1,1,0.011538461538461511
13,1,1,0.3214814814814815
14,1,1,0.051092896174863414
15,1,1,0.28954802259887
16,1,1,0.21652892561983467
1,1,1,0.23597122302158272
2,1,1,0.3267676767676768
3,1,1,0.20451127819548875
4,1,1,0.10258397932816535
5,1,1,0.21070559610705594
6,1,1,0.16382978723404257
7,1,1,0.5787114845938375
8,1,1,0.1802919708029197
9,1,1,0.059753086419753076
10,1,1,0.532051282051282
11,1,1,0.25368956743002546
12,1,1,0.030147058823529416
13,1,1,0.27361111111111114
14,1,1,0.13984375
15,1,1,0.2371794871794872
16,1,1,0.11310541310541314
1,1,0,0.23264604810996561
2,1,0,0.40563847429519073
3,1,0,0.2702791461412151
4,1,0,0.12451923076923077
5,1,0,0.159190031152648
6,1,0,0.16062091503267972
7,1,0,0.611952861952862
8,1,0,0.12924528301886795
9,1,0,0.06939393939393942
10,1,0,0.23781094527363184
11,1,0,0.2088888888888889
12,1,0,0.007952622673434872
13,1,0,0.29273927392739274
14,1,0,0.15524256651017215
15,1,0,0.25155993431855506
16,1,0,0.2180623973727422
1,1,1,0.26443569553805774
2,1,1,0.2170013386880857
3,1,1,0.3846045197740113
4,1,1,0.14173669467787117
5,1,1,0.11758087201125175
6,1,1,0.15677966101694918
7,1,1,0.5449754901960784
8,1,1,0.1291327913279133
9,1,1,0.15020746887966807
10,1,1,0.41532258064516125
11,1,1,0.25997425997426
12,1,1,0.016260162601626008
13,1,1,0.3237516869095816
14,1,1,0.24242424242424243
15,1,1,0.298804780876494
16,1,1,0.18142292490118575
1,1,1,0.29161676646706586
2,1,1,0.1613095238095238
3,1,1,0.3854545454545455
4,1,1,0.18863636363636363
5,1,1,0.11773879142300195
6,1,1,0.15042194092827005
7,1,1,0.5429166666666667
8,1,1,0.1484848484848485
9,1,1,0.13096646942800788
10,1,1,0.45740740740740743
11,1,1,0.26315789473684215
12,1,1,0.012650602409638573
13,1,1,0.41676300578034686
14,1,1,0.21431492842535788
15,1,1,0.37260536398467436
16,1,1,0.35481927710843375
1,1,1,0.22214611872146117
2,1,1,0.3328888888888889
3,1,1,0.1525562372188139
4,1,1,0.074496644295302
5,1,1,0.1054373522458629
6,1,1,0.19751552795031058
7,1,1,0.6874172185430463
8,1,1,0.14569536423841056
9,1,1,0.1328395061728395
10,1,1,0.41635220125786165
11,1,1,0.3103603603603604
12,1,1,0.022795698924731163
13,1,1,0.2740506329113924
14,1,1,0.16923076923076924
15,1,1,0.20680751173708917
16,1,1,0.11677018633540373
1,0,1,0.25
2,0,1,0.20666666666666667
3,0,1,0.2244131455399061
4,0,1,0.11314553990610327
5,0,1,0.2609649122807018
6,0,1,0.2542857142857143
7,0,1,0.2444444444444444
8,0,1,0.13
9,0,1,0.050438596491228095
10,0,1,0.30041666666666667
11,0,1,0.15701754385964917
12,0,1,0.089873417721519
13,0,1,0.36280193236714975
14,0,1,0.05053763440860213
15,0,1,0.14324324324324322
16,0,1,0.1493150684931507
1,0,1,0.19023569023569026
2,0,1,0.23870967741935484
3,0,1,0.2391025641025641
4,0,1,0.12182539682539684
5,0,1,0.21590909090909094
6,0,1,0.37153558052434454
7,0,1,0.10942028985507248
8,0,1,0.17011494252873566
9,0,1,0.031868131868131866
10,0,1,0.21535580524344566
11,0,1,0.17921568627450982
12,0,1,0.022448979591836747
13,0,1,0.35897435897435903
14,0,1,0.07333333333333333
15,0,1,0.3487972508591065
16,0,1,0.27355072463768115
1,0,0,0.17543859649122806
2,0,0,0.20944881889763778
3,0,0,0.1152777777777778
4,0,0,0.07913279132791329
5,0,0,0.1672514619883041
6,0,0,0.2090909090909091
7,0,0,0.20384615384615382
8,0,0,0.13800623052959504
9,0,0,0.05545722713864305
10,0,0,0.2180428134556575
11,0,0,0.11228070175438598
12,0,0,0.12389937106918238
13,0,0,0.27251461988304093
14,0,0,0.0414565826330532
15,0,0,0.1997101449275362
16,0,0,0.10574712643678161
1,0,1,0.18659420289855075
2,0,1,0.2854406130268199
3,0,1,0.20151515151515154
4,0,1,0.1181818181818182
5,0,1,0.12111111111111111
6,0,1,0.34609929078014184
7,0,1,0.14701754385964913
8,0,1,0.1897163120567376
9,0,1,0.08160919540229886
10,0,1,0.26410256410256405
11,0,1,0.184981684981685
12,0,1,0.03218390804597699
13,0,1,0.33163265306122447
14,0,1,0.07529411764705884
15,0,1,0.3746527777777778
16,0,1,0.10622710622710625
1,0,1,0.18558558558558558
2,0,1,0.21171171171171171
3,0,1,0.3218637992831541
4,0,1,0.16431372549019607
5,0,1,0.1321285140562249
6,0,1,0.29696969696969694
7,0,1,0.15215686274509804
8,0,1,0.31606425702811247
9,0,1,0.15515873015873016
10,0,1,0.1585365853658537
11,0,1,0.1780392156862745
12,0,1,0.05185185185185185
13,0,1,0.34936708860759497
14,0,1,0.0215277777777778
15,0,1,0.24333333333333335
16,0,1,0.2333333333333333
1,1,1,0.2378472222222222
2,1,1,0.16161048689138574
3,1,1,0.2592592592592593
4,1,1,0.12168458781362007
5,1,1,0.36589147286821705
6,1,1,0.18836805555555555
7,1,1,0.7168724279835391
8,1,1,0.14647058823529413
9,1,1,0.09844961240310075
10,1,1,0.37722222222222224
11,1,1,0.27524950099800394
12,1,1,0.09947643979057594
13,1,1,0.3499047619047619
14,1,1,0.06718213058419242
15,1,1,0.2142342342342342
16,1,1,0.17314814814814816
1,1,1,0.22183908045977013
2,1,1,0.212987012987013
3,1,1,0.22172995780590715
4,1,1,0.07414141414141415
5,1,1,0.19081836327345308
6,1,1,0.29852320675105487
7,1,1,0.7178649237472767
8,1,1,0.1580712788259958
9,1,1,0.10482456140350876
10,1,1,0.278968253968254
11,1,1,0.25064102564102564
12,1,1,0.05042735042735044
13,1,1,0.34277108433734943
14,1,1,0.07741935483870967
15,1,1,0.2781065088757396
16,1,1,0.221010101010101
1,1,0,0.22522123893805313
2,1,0,0.15431145431145432
3,1,0,0.18360433604336046
4,1,0,0.08771121351766512
5,1,0,0.23275862068965514
6,1,0,0.1573049645390071
7,1,0,0.6654993514915695
8,1,0,0.11248339973439575
9,1,0,0.11805555555555555
10,1,0,0.3323404255319149
11,1,0,0.3031420765027323
12,1,0,0.07586726998491702
13,1,0,0.3336182336182336
14,1,0,0.0336194563662375
15,1,0,0.2559577677224736
16,1,0,0.18515406162464987
1,1,1,0.22138047138047137
2,1,1,0.24153577661431067
3,1,1,0.26960784313725494
4,1,1,0.12683333333333333
5,1,1,0.17755102040816328
6,1,1,0.3039855072463768
7,1,1,0.6358208955223881
8,1,1,0.13686868686868686
9,1,1,0.13459459459459455
10,1,1,0.3800970873786408
11,1,1,0.23649289099526066
12,1,1,0.06468646864686467
13,1,1,0.4035087719298246
14,1,1,0.0576530612244898
15,1,1,0.35297906602254425
16,1,1,0.1625850340136054
1,1,1,0.24454545454545457
2,1,1,0.15423728813559323
3,1,1,0.25936739659367397
4,1,1,0.09924242424242426
5,1,1,0.1649122807017544
6,1,1,0.23740458015267174
7,1,1,0.7561679790026247
8,1,1,0.1387978142076503
9,1,1,0.1984251968503937
10,1,1,0.3918918918918919
11,1,1,0.2931693989071038
12,1,1,0.07538461538461536
13,1,1,0.3481481481481482
14,1,1,0.05437158469945352
15,1,1,0.2423728813559322
16,1,1,0.23195592286501376
1,1,1,0.2709832134292566
2,1,1,0.3714646464646465
3,1,1,0.2486215538847118
4,1,1,0.13798449612403102
5,1,1,0.2367396593673966
6,1,1,0.2144208037825059
7,1,1,0.588515406162465
8,1,1,0.28442822384428224
9,1,1,0.06617283950617284
10,1,1,0.4358974358974359
11,1,1,0.23613231552162847
12,1,1,0.09338235294117647
13,1,1,0.34111111111111114
14,1,1,0.13802083333333331
15,1,1,0.20692307692307693
16,1,1,0.2564102564102564
1,1,1,0.22147766323024054
2,1,1,0.41276948590381424
3,1,1,0.23661740558292285
4,1,1,0.15929487179487178
5,1,1,0.17866043613707167
6,1,1,0.20049019607843135
7,1,1,0.6417508417508417
8,1,1,0.20408805031446542
9,1,1,0.0818181818181818
10,1,1,0.29386401326699835
11,1,1,0.2257142857142857
12,1,1,0.08104906937394248
13,1,1,0.34735973597359737
14,1,1,0.14538341158059467
15,1,1,0.28981937602627256
16,1,1,0.24137931034482762
1,1,0,0.213254593175853
2,1,0,0.2539491298527443
3,1,0,0.31257062146892656
4,1,0,0.13431372549019605
5,1,0,0.1348804500703235
6,1,0,0.17796610169491522
7,1,0,0.5727941176470588
8,1,0,0.1789972899728997
9,1,0,0.12531120331950207
10,1,0,0.41142473118279566
11,1,0,0.26306306306306304
12,1,0,0.04065040650406504
13,1,0,0.3156545209176788
14,1,0,0.24453227931488802
15,1,0,0.2881806108897742
16,1,0,0.14598155467720686
1,1,1,0.2614770459081836
2,1,1,0.27202380952380956
3,1,1,0.3468686868686869
4,1,1,0.1931818181818182
5,1,1,0.11734892787524366
6,1,1,0.17341772151898735
7,1,1,0.5804166666666667
8,1,1,0.17467532467532468
9,1,1,0.14142011834319523
10,1,1,0.3940329218106996
11,1,1,0.21776315789473683
12,1,1,0.04176706827309236
13,1,1,0.423121387283237
14,1,1,0.21267893660531698
15,1,1,0.34942528735632183
16,1,1,0.16164658634538154
1,1,1,0.23949771689497715
2,1,1,0.35511111111111116
3,1,1,0.27116564417177913
4,1,1,0.13512304250559287
5,1,1,0.10496453900709221
6,1,1,0.3302277432712215
7,1,1,0.6759381898454746
8,1,1,0.23863134657836643
9,1,1,0.12320987654320986
10,1,1,0.36729559748427676
11,1,1,0.2761261261261261
12,1,1,0.09204301075268817
13,1,1,0.31708860759493673
14,1,1,0.1832167832167832
15,1,1,0.1732394366197183
16,1,1,0.29047619047619044
1,0,1,0.22546296296296298
2,0,1,0.2033333333333333
3,0,1,0.2131455399061033
4,0,1,0.04413145539906106
5,0,1,0.35657894736842105
6,0,1,0.38285714285714284
7,0,1,0.2604444444444444
8,0,1,0.11916666666666667
9,0,1,0.07938596491228071
10,0,1,0.2975
11,0,1,0.15614035087719302
12,0,1,0.07594936708860758
13,0,1,0.37342995169082127
14,0,1,0.047311827956989225
15,0,1,0.2445945945945946
16,0,1,0.10000000000000003
1,0,1,0.15016835016835017
2,0,1,0.16164874551971326
3,0,1,0.20064102564102562
4,0,1,0.08293650793650795
5,0,1,0.24924242424242424
6,0,1,0.36217228464419476
7,0,1,0.10833333333333335
8,0,1,0.1724137931034483
9,0,1,0.02454212454212456
10,0,1,0.201498127340824
11,0,1,0.17568627450980395
12,0,1,0.003401360544217687
13,0,1,0.3509157509157509
14,0,1,0.0796296296296296
15,0,1,0.3628865979381444
16,0,1,0.15217391304347827
1,0,1,0.2301169590643275
2,0,1,0.21286089238845143
3,0,1,0.10416666666666666
4,0,1,0.04878048780487807
5,0,1,0.18508771929824563
6,0,1,0.30000000000000004
7,0,1,0.191025641025641
8,0,1,0.12367601246105919
9,0,1,0.08672566371681417
10,0,1,0.1996941896024465
11,0,1,0.12953216374269005
12,0,1,0.1713836477987421
13,0,1,0.254093567251462
14,0,1,0.04845938375350142
15,0,1,0.2881159420289855
16,0,1,0.06695402298850575
1,0,0,0.09818840579710145
2,0,0,0.17011494252873566
3,0,0,0.1833333333333333
4,0,0,0.04621212121212119
5,0,0,0.0862962962962963
6,0,0,0.3414893617021277
7,0,0,0.09649122807017542
8,0,0,0.18049645390070923
9,0,0,0.06858237547892722
10,0,0,0.2010989010989011
11,0,0,0.17362637362637365
12,0,0,0.008812260536398461
13,0,0,0.30272108843537415
14,0,0,0.08549019607843139
15,0,0,0.2621527777777778
16,0,0,0.06007326007326009
1,0,1,0.1878378378378378
2,0,1,0.21936936936936938
3,0,1,0.3003584229390681
4,0,1,0.07960784313725491
5,0,1,0.1172690763052209
6,0,1,0.3738636363636364
7,0,1,0.10666666666666665
8,0,1,0.2751004016064257
9,0,1,0.10317460317460314
10,0,1,0.16056910569105692
11,0,1,0.19411764705882353
12,0,1,0.01440329218106996
13,0,1,0.3021097046413502
14,0,1,0.03402777777777778
15,0,1,0.2661904761904762
16,0,1,0.13974358974358977
1,1,1,0.1930555555555556
2,1,1,0.1908239700374532
3,1,1,0.2001763668430335
4,1,1,0.10483870967741937
5,1,1,0.4135658914728682
6,1,1,0.3340277777777778
7,1,1,0.7047325102880658
8,1,1,0.14058823529411768
9,1,1,0.0744186046511628
10,1,1,0.39481481481481484
11,1,1,0.2447105788423154
12,1,1,0.05706806282722514
13,1,1,0.39885714285714285
14,1,1,0.07164948453608246
15,1,1,0.3131531531531532
16,1,1,0.07759259259259257
1,1,1,0.17816091954022986
2,1,1,0.1803030303030303
3,1,1,0.16371308016877636
4,1,1,0.05939393939393937
5,1,1,0.23293413173652694
6,1,1,0.380168776371308
7,1,1,0.6993464052287581
8,1,1,0.17127882599580713
9,1,1,0.08399122807017544
10,1,1,0.2307539682539682
11,1,1,0.2185897435897436
12,1,1,0.01987179487179489
13,1,1,0.3485943775100402
14,1,1,0.0832258064516129
15,1,1,0.3445759368836292
16,1,1,0.09696969696969696
1,1,1,0.2343657817109145
2,1,1,0.17464607464607462
3,1,1,0.12926829268292683
4,1,1,0.045161290322580656
5,1,1,0.2633620689655173
6,1,1,0.27602836879432624
7,1,1,0.6584954604409857
8,1,1,0.11620185922974768
9,1,1,0.09861111111111112
10,1,1,0.30226950354609927
11,1,1,0.2616120218579235
12,1,1,0.030015082956259424
13,1,1,0.2834757834757835
14,1,1,0.05107296137339058
15,1,1,0.2983408748114631
16,1,1,0.10728291316526609
1,1,0,0.10606060606060608
2,1,0,0.16212914485165794
3,1,0,0.2066666666666667
4,1,0,0.07766666666666665
5,1,0,0.17772108843537415
6,1,0,0.3164855072463768
7,1,0,0.6275290215588722
8,1,0,0.13754208754208752
9,1,0,0.1046846846846847
10,1,0,0.37766990291262137
11,1,0,0.204739336492891
12,1,0,0.030858085808580873
13,1,0,0.3317543859649123
14,1,0,0.06360544217687072
15,1,0,0.2462157809983897
16,1,0,0.09744897959183677
1,1,1,0.23818181818181816
2,1,1,0.16242937853107345
3,1,1,0.22068126520681264
4,1,1,0.04924242424242422
5,1,1,0.18045112781954886
6,1,1,0.3424936386768448
7,1,1,0.7461942257217848
8,1,1,0.1382513661202186
9,1,1,0.12467191601049868
10,1,1,0.4123123123123123
11,1,1,0.2532786885245901
12,1,1,0.024102564102564117
13,1,1,0.3093827160493827
14,1,1,0.05874316939890708
15,1,1,0.19293785310734465
16,1,1,0.11487603305785121
1,1,1,0.25971223021582734
2,1,1,0.34090909090909094
3,1,1,0.19273182957393484
4,1,1,0.09999999999999998
5,1,1,0.30121654501216544
6,1,1,0.391016548463357
7,1,1,0.6044817927170869
8,1,1,0.2467153284671533
9,1,1,0.05876543209876542
10,1,1,0.48435897435897435
11,1,1,0.1989821882951654
12,1,1,0.04509803921568625
13,1,1,0.36694444444444446
14,1,1,0.14583333333333331
15,1,1,0.3453846153846154
16,1,1,0.1458689458689459
1,1,1,0.22147766323024054
2,1,1,0.41359867330016586
3,1,1,0.18144499178981938
4,1,1,0.13365384615384612
5,1,1,0.2291277258566978
6,1,1,0.3488562091503268
7,1,1,0.630976430976431
8,1,1,0.1971698113207547
9,1,1,0.059242424242424235
10,1,1,0.25290215588723053
11,1,1,0.21476190476190476
12,1,1,0.02385786802030455
13,1,1,0.3481848184818482
14,1,1,0.12535211267605637
15,1,1,0.41461412151067323
16,1,1,0.11822660098522166
1,1,1,0.2511811023622047
2,1,1,0.25020080321285143
3,1,1,0.25677966101694916
4,1,1,0.07549019607843135
5,1,1,0.1651195499296765
6,1,1,0.32951977401129945
7,1,1,0.5770833333333333
8,1,1,0.17032520325203254
9,1,1,0.13596127247579526
10,1,1,0.4194892473118279
11,1,1,0.2268983268983269
12,1,1,0.007317073170731729
13,1,1,0.2836707152496626
14,1,1,0.21752305665349142
15,1,1,0.23970783532536521
16,1,1,0.07536231884057971
1,1,0,0.2530938123752495
2,1,0,0.18353174603174605
3,1,0,0.27636363636363637
4,1,0,0.11780303030303027
5,1,0,0.12378167641325538
6,1,0,0.3229957805907173
7,1,0,0.588125
8,1,0,0.1686147186147186
9,1,0,0.10098619329388558
10,1,0,0.40267489711934157
11,1,0,0.18223684210526317
12,1,0,0.002811244979919679
13,1,0,0.35298651252408475
14,1,0,0.1834355828220859
15,1,0,0.24712643678160917
16,1,0,0.11405622489959838
1,1,1,0.2591324200913242
2,1,1,0.37955555555555553
3,1,1,0.21390593047034764
4,1,1,0.09440715883668903
5,1,1,0.1541371158392435
6,1,1,0.42111801242236024
7,1,1,0.6766004415011038
8,1,1,0.2260485651214128
9,1,1,0.07358024691358024
10,1,1,0.4088050314465409
11,1,1,0.23671171171171174
12,1,1,0.04516129032258065
13,1,1,0.3040084388185654
14,1,1,0.15524475524475526
15,1,1,0.28990610328638494
16,1,1,0.17453416149068324
1,0,1,0.2861111111111111
2,0,1,0.22
3,0,1,0.2948356807511737
4,0,1,0.08732394366197183
5,0,1,0.2885964912280702
6,0,1,0.12761904761904763
7,0,1,0.2444444444444444
8,0,1,0.12416666666666668
9,0,1,0.08903508771929822
10,0,1,0.31166666666666665
11,0,1,0.17061403508771927
12,0,1,0.1037974683544304
13,0,1,0.3507246376811594
14,0,1,0.04946236559139783
15,0,1,0.118018018018018
16,0,1,0.2584474885844749
1,0,1,0.2430976430976431
2,0,1,0.25197132616487455
3,0,1,0.22948717948717945
4,0,1,0.1511904761904762
5,0,1,0.17196969696969694
6,0,1,0.29288389513108615
7,0,1,0.08768115942028988
8,0,1,0.14980842911877396
9,0,1,0.0454212454212454
10,0,1,0.15992509363295881
11,0,1,0.23294117647058826
12,0,1,0.011224489795918374
13,0,1,0.31025641025641026
14,0,1,0.06888888888888889
15,0,1,0.3395189003436426
16,0,1,0.11702898550724636
1,0,1,0.30263157894736836
2,0,1,0.21522309711286086
3,0,1,0.3940972222222222
4,0,1,0.09620596205962059
5,0,1,0.14883040935672515
6,0,1,0.25
7,0,1,0.19198717948717947
8,0,1,0.1635514018691589
9,0,1,0.0873156342182891
10,0,1,0.17370030581039753
11,0,1,0.15730994152046784
12,0,1,0.12012578616352199
13,0,1,0.2722222222222222
14,0,1,0.054621848739495805
15,0,1,0.192463768115942
16,0,1,0.25028735632183907
1,0,1,0.2286231884057971
2,0,1,0.29616858237547894
3,0,1,0.4109848484848485
4,0,1,0.11401515151515151
5,0,1,0.09000000000000001
6,0,1,0.349645390070922
7,0,1,0.07578947368421053
8,0,1,0.20460992907801417
9,0,1,0.07126436781609197
10,0,1,0.2227106227106227
11,0,1,0.1989010989010989
12,0,1,0.06628352490421457
13,0,1,0.330952380952381
14,0,1,0.09686274509803922
15,0,1,0.3319444444444445
16,0,1,0.1765567765567766
1,0,0,0.15360360360360362
2,0,0,0.14279279279279278
3,0,0,0.12329749103942653
4,0,0,0.13058823529411764
5,0,0,0.07550200803212852
6,0,0,0.16060606060606059
7,0,0,0.09450980392156863
8,0,0,0.14819277108433737
9,0,0,0.10714285714285712
10,0,0,0.14796747967479676
11,0,0,0.10627450980392156
12,0,0,0.009053497942386858
13,0,0,0.26033755274261605
14,0,0,0.03125
15,0,0,0.18619047619047618
16,0,0,0.07564102564102562
1,1,1,0.21753472222222223
2,1,1,0.1676029962546816
3,1,1,0.31693121693121695
4,1,1,0.12921146953405016
5,1,1,0.3635658914728682
6,1,1,0.10364583333333331
7,1,1,0.7106995884773663
8,1,1,0.13941176470588237
9,1,1,0.07655038759689924
10,1,1,0.3885185185185185
11,1,1,0.24590818363273456
12,1,1,0.026352530541012203
13,1,1,0.3527619047619048
14,1,1,0.06151202749140894
15,1,1,0.18756756756756754
16,1,1,0.22518518518518515
1,1,1,0.12068965517241381
2,1,1,0.20238095238095238
3,1,1,0.3909282700421941
4,1,1,0.11575757575757574
5,1,1,0.1518962075848303
6,1,1,0.17278481012658228
7,1,1,0.7137254901960784
8,1,1,0.15744234800838575
9,1,1,0.10526315789473684
10,1,1,0.26210317460317456
11,1,1,0.2619658119658119
12,1,1,0.007692307692307681
13,1,1,0.3369477911646586
14,1,1,0.07161290322580643
15,1,1,0.2648915187376726
16,1,1,0.22565656565656567
1,1,1,0.24955752212389376
2,1,1,0.174002574002574
3,1,1,0.37750677506775066
4,1,1,0.0956989247311828
5,1,1,0.19827586206896552
6,1,1,0.19063829787234043
7,1,1,0.6540856031128405
8,1,1,0.13399734395750332
9,1,1,0.10164141414141414
10,1,1,0.3097872340425532
11,1,1,0.26721311475409837
12,1,1,0.021417797888386138
13,1,1,0.3139601139601139
14,1,1,0.047067238912732456
15,1,1,0.22081447963800904
16,1,1,0.17212885154061627
1,1,1,0.1861952861952862
2,1,1,0.32251308900523556
3,1,1,0.5174509803921568
4,1,1,0.129
5,1,1,0.13197278911564625
6,1,1,0.31068840579710144
7,1,1,0.6162520729684909
8,1,1,0.15218855218855218
9,1,1,0.11459459459459456
10,1,1,0.3454692556634304
11,1,1,0.22290679304897312
12,1,1,0.032508250825082526
13,1,1,0.35192982456140354
14,1,1,0.061904761904761886
15,1,1,0.28132045088566826
16,1,1,0.32193877551020406
1,1,0,0.1084848484848485
2,1,0,0.18644067796610167
3,1,0,0.3148418491484185
4,1,0,0.0772727272727273
5,1,0,0.11829573934837093
6,1,0,0.1508905852417303
7,1,0,0.7548556430446194
8,1,0,0.10846994535519126
9,1,0,0.13517060367454067
10,1,0,0.39459459459459456
11,1,0,0.20245901639344263
12,1,0,0.008205128205128191
13,1,0,0.2985185185185185
14,1,0,0.05792349726775954
15,1,0,0.18672316384180787
16,1,0,0.18980716253443528
1,1,1,0.22997601918465227
2,1,1,0.27904040404040403
3,1,1,0.35463659147869675
4,1,1,0.13824289405684756
5,1,1,0.2138686131386861
6,1,1,0.09952718676122933
7,1,1,0.5792717086834733
8,1,1,0.17445255474452553
9,1,1,0.0854320987654321
10,1,1,0.4935897435897436
11,1,1,0.189058524173028
12,1,1,0.03700980392156862
13,1,1,0.2822222222222222
14,1,1,0.13880208333333333
15,1,1,0.2317948717948718
16,1,1,0.12507122507122506
1,1,1,0.20704467353951894
2,1,1,0.38076285240464347
3,1,1,0.4607553366174056
4,1,1,0.18333333333333335
5,1,1,0.13987538940809968
6,1,1,0.13790849673202613
7,1,1,0.6109427609427609
8,1,1,0.170440251572327
9,1,1,0.09515151515151515
10,1,1,0.2688225538971808
11,1,1,0.29
12,1,1,0.008798646362098154
13,1,1,0.2863036303630363
14,1,1,0.16948356807511739
15,1,1,0.31970443349753697
16,1,1,0.21609195402298847
1,1,1,0.30406824146981626
2,1,1,0.23668005354752342
3,1,1,0.5467514124293785
4,1,1,0.10868347338935572
5,1,1,0.09240506329113923
6,1,1,0.13870056497175137
7,1,1,0.5480392156862746
8,1,1,0.16287262872628727
9,1,1,0.15435684647302905
10,1,1,0.4115591397849462
11,1,1,0.22329472329472327
12,1,1,0.0199186991869919
13,1,1,0.29163292847503375
14,1,1,0.24650856389986825
15,1,1,0.2389110225763612
16,1,1,0.15006587615283268
1,1,1,0.29900199600798405
2,1,1,0.2849206349206349
3,1,1,0.5260606060606061
4,1,1,0.1274621212121212
5,1,1,0.08187134502923976
6,1,1,0.14282700421940928
7,1,1,0.5485416666666667
8,1,1,0.16839826839826838
9,1,1,0.12504930966469427
10,1,1,0.41234567901234565
11,1,1,0.2307017543859649
12,1,1,0.0100401606425703
13,1,1,0.35876685934489405
14,1,1,0.20899795501022495
15,1,1,0.3047892720306513
16,1,1,0.3190763052208835
1,1,0,0.12968036529680363
2,1,0,0.2942222222222222
3,1,0,0.24846625766871167
4,1,0,0.1284116331096197
5,1,0,0.08510638297872342
6,1,0,0.14927536231884056
7,1,0,0.6774834437086092
8,1,0,0.13796909492273735
9,1,0,0.0745679012345679
10,1,0,0.370020964360587
11,1,0,0.18490990990990988
12,1,0,0.026236559139784926
13,1,0,0.2609704641350211
14,1,0,0.1871794871794872
15,1,0,0.14929577464788735
16,1,0,0.11697722567287785
