subject,enroll_emotion_id,test_emotion_id,enroll_emotion,test_emotion,n_enroll,n_test,within_sim,cross_sim,drift_index
0,0,0,Disgust,Disgust,774,428,0.9558236002922058,0.96018385887146,-0.004561781883239746
0,0,1,Disgust,Fear,774,550,0.9558236002922058,0.9504109025001526,0.005662858486175537
0,0,2,Disgust,Sad,774,676,0.9558236002922058,0.9531745910644531,0.002771437168121338
0,0,3,Disgust,Neutral,774,525,0.9558236002922058,0.9522404074668884,0.003748774528503418
0,0,4,Disgust,Happy,774,489,0.9558236002922058,0.9511770606040955,0.004861295223236084
0,1,0,Fear,Disgust,936,428,0.9555597901344299,0.9606120586395264,-0.005287289619445801
0,1,1,Fear,Fear,936,550,0.9555597901344299,0.9505346417427063,0.0052588582038879395
0,1,2,Fear,Sad,936,676,0.9555597901344299,0.9539496898651123,0.0016849637031555176
0,1,3,Fear,Neutral,936,525,0.9555597901344299,0.9523354768753052,0.0033742785453796387
0,1,4,Fear,Happy,936,489,0.9555597901344299,0.9514183402061462,0.0043340325355529785
0,2,0,Sad,Disgust,1174,428,0.9553742408752441,0.9615882039070129,-0.006504178047180176
0,2,1,Sad,Fear,1174,550,0.9553742408752441,0.9510519504547119,0.004524171352386475
0,2,2,Sad,Sad,1174,676,0.9553742408752441,0.9544586539268494,0.0009583830833435059
0,2,3,Sad,Neutral,1174,525,0.9553742408752441,0.953299880027771,0.0021712779998779297
0,2,4,Sad,Happy,1174,489,0.9553742408752441,0.9519485235214233,0.0035857558250427246
0,3,0,Neutral,Disgust,894,428,0.9561893343925476,0.9616271257400513,-0.00568699836730957
0,3,1,Neutral,Fear,894,550,0.9561893343925476,0.9512165188789368,0.005200684070587158
0,3,2,Neutral,Sad,894,676,0.9561893343925476,0.9538733959197998,0.002422034740447998
0,3,3,Neutral,Neutral,894,525,0.9561893343925476,0.9536325931549072,0.0026738643646240234
0,3,4,Neutral,Happy,894,489,0.9561893343925476,0.9514533877372742,0.004952967166900635
0,4,0,Happy,Disgust,688,428,0.9558193683624268,0.9607778191566467,-0.005187630653381348
0,4,1,Happy,Fear,688,550,0.9558193683624268,0.9501734375953674,0.005906879901885986
0,4,2,Happy,Sad,688,676,0.9558193683624268,0.953622043132782,0.002298891544342041
0,4,3,Happy,Neutral,688,525,0.9558193683624268,0.952454686164856,0.003520190715789795
0,4,4,Happy,Happy,688,489,0.9558193683624268,0.9510883688926697,0.004949688911437988
1,0,0,Disgust,Disgust,779,428,0.9627771973609924,0.8439456224441528,0.12342584133148193
1,0,1,Disgust,Fear,779,550,0.9627771973609924,0.9272501468658447,0.03690057992935181
1,0,2,Disgust,Sad,779,676,0.9627771973609924,0.8563506603240967,0.11054116487503052
1,0,3,Disgust,Neutral,779,525,0.9627771973609924,0.8930577039718628,0.07241499423980713
1,0,4,Disgust,Happy,779,489,0.9627771973609924,0.7889982461929321,0.18049758672714233
1,1,0,Fear,Disgust,930,428,0.9631400108337402,0.8468366861343384,0.12075430154800415
1,1,1,Fear,Fear,930,550,0.9631400108337402,0.9290846586227417,0.03535866737365723
1,1,2,Fear,Sad,930,676,0.9631400108337402,0.8586825132369995,0.10845518112182617
1,1,3,Fear,Neutral,930,525,0.9631400108337402,0.8951385021209717,0.07060396671295166
1,1,4,Fear,Happy,930,489,0.9631400108337402,0.7921216487884521,0.1775633692741394
1,2,0,Sad,Disgust,1191,428,0.9623215794563293,0.8452667593955994,0.12163794040679932
1,2,1,Sad,Fear,1191,550,0.9623215794563293,0.928964376449585,0.034663259983062744
1,2,2,Sad,Sad,1191,676,0.9623215794563293,0.8582127094268799,0.10818511247634888
1,2,3,Sad,Neutral,1191,525,0.9623215794563293,0.8953405618667603,0.0696035623550415
1,2,4,Sad,Happy,1191,489,0.9623215794563293,0.7904337644577026,0.17861783504486084
1,3,0,Neutral,Disgust,877,428,0.9614229798316956,0.8453118801116943,0.12077003717422485
1,3,1,Neutral,Fear,877,550,0.9614229798316956,0.928036093711853,0.03472656011581421
1,3,2,Neutral,Sad,877,676,0.9614229798316956,0.8577308654785156,0.1078527569770813
1,3,3,Neutral,Neutral,877,525,0.9614229798316956,0.8937088847160339,0.07043111324310303
1,3,4,Neutral,Happy,877,489,0.9614229798316956,0.7896689176559448,0.17864567041397095
1,4,0,Happy,Disgust,689,428,0.9617179036140442,0.8444218635559082,0.12196511030197144
1,4,1,Happy,Fear,689,550,0.9617179036140442,0.9273040294647217,0.03578376770019531
1,4,2,Happy,Sad,689,676,0.9617179036140442,0.8571287393569946,0.10875242948532104
1,4,3,Happy,Neutral,689,525,0.9617179036140442,0.8933756351470947,0.07106268405914307
1,4,4,Happy,Happy,689,489,0.9617179036140442,0.7885780930519104,0.18003177642822266
2,0,0,Disgust,Disgust,729,428,0.9617043733596802,0.9115020632743835,0.05220139026641846
2,0,1,Disgust,Fear,729,550,0.9617043733596802,0.9206219911575317,0.04271829128265381
2,0,2,Disgust,Sad,729,676,0.9617043733596802,0.9177579879760742,0.045696377754211426
2,0,3,Disgust,Neutral,729,525,0.9617043733596802,0.8924532532691956,0.07200872898101807
2,0,4,Disgust,Happy,729,489,0.9617043733596802,0.8517439365386963,0.11433911323547363
2,1,0,Fear,Disgust,917,428,0.9615644812583923,0.9100540280342102,0.05356943607330322
2,1,1,Fear,Fear,917,550,0.9615644812583923,0.9203869700431824,0.0428234338760376
2,1,2,Fear,Sad,917,676,0.9615644812583923,0.9156224131584167,0.04777848720550537
2,1,3,Fear,Neutral,917,525,0.9615644812583923,0.8903692364692688,0.07404106855392456
2,1,4,Fear,Happy,917,489,0.9615644812583923,0.8539025783538818,0.1119653582572937
2,2,0,Sad,Disgust,1236,428,0.9617797136306763,0.9107293486595154,0.053079068660736084
2,2,1,Sad,Fear,1236,550,0.9617797136306763,0.9208672046661377,0.042538344860076904
2,2,2,Sad,Sad,1236,676,0.9617797136306763,0.9162111282348633,0.04737943410873413
2,2,3,Sad,Neutral,1236,525,0.9617797136306763,0.891004204750061,0.07358807325363159
2,2,4,Sad,Happy,1236,489,0.9617797136306763,0.8545972108840942,0.11144185066223145
2,3,0,Neutral,Disgust,935,428,0.9617177844047546,0.9098657369613647,0.053916096687316895
2,3,1,Neutral,Fear,935,550,0.9617177844047546,0.9202806353569031,0.04308658838272095
2,3,2,Neutral,Sad,935,676,0.9617177844047546,0.9153021574020386,0.04826325178146362
2,3,3,Neutral,Neutral,935,525,0.9617177844047546,0.8900583982467651,0.07451188564300537
2,3,4,Neutral,Happy,935,489,0.9617177844047546,0.8543563485145569,0.11163508892059326
2,4,0,Happy,Disgust,649,428,0.9613660573959351,0.9108171463012695,0.052580296993255615
2,4,1,Happy,Fear,649,550,0.9613660573959351,0.9204632639884949,0.04254651069641113
2,4,2,Happy,Sad,649,676,0.9613660573959351,0.9168642163276672,0.04629021883010864
2,4,3,Happy,Neutral,649,525,0.9613660573959351,0.8914697170257568,0.0727052092552185
2,4,4,Happy,Happy,649,489,0.9613660573959351,0.853342592716217,0.11236453056335449
3,0,0,Disgust,Disgust,795,428,0.9507145881652832,0.9134386777877808,0.039208292961120605
3,0,1,Disgust,Fear,795,550,0.9507145881652832,0.8966373205184937,0.0568806529045105
3,0,2,Disgust,Sad,795,676,0.9507145881652832,0.9595953822135925,-0.009341120719909668
3,0,3,Disgust,Neutral,795,525,0.9507145881652832,0.9375062584877014,0.013893067836761475
3,0,4,Disgust,Happy,795,489,0.9507145881652832,0.8926411867141724,0.061083972454071045
3,1,0,Fear,Disgust,881,428,0.9499722123146057,0.9120479822158813,0.03992140293121338
3,1,1,Fear,Fear,881,550,0.9499722123146057,0.8949370384216309,0.05793344974517822
3,1,2,Fear,Sad,881,676,0.9499722123146057,0.9585306644439697,-0.009009122848510742
3,1,3,Fear,Neutral,881,525,0.9499722123146057,0.9353988170623779,0.015340864658355713
3,1,4,Fear,Happy,881,489,0.9499722123146057,0.8903841972351074,0.06272608041763306
3,2,0,Sad,Disgust,1165,428,0.950100302696228,0.9125818610191345,0.039488911628723145
3,2,1,Sad,Fear,1165,550,0.950100302696228,0.894156813621521,0.05888164043426514
3,2,2,Sad,Sad,1165,676,0.950100302696228,0.9582890868186951,-0.008618831634521484
3,2,3,Sad,Neutral,1165,525,0.950100302696228,0.9355823993682861,0.015280365943908691
3,2,4,Sad,Happy,1165,489,0.950100302696228,0.8907643556594849,0.06245231628417969
3,3,0,Neutral,Disgust,940,428,0.9495750069618225,0.9133609533309937,0.03813713788986206
3,3,1,Neutral,Fear,940,550,0.9495750069618225,0.8960683345794678,0.05634802579879761
3,3,2,Neutral,Sad,940,676,0.9495750069618225,0.9592953324317932,-0.010236501693725586
3,3,3,Neutral,Neutral,940,525,0.9495750069618225,0.9363390207290649,0.013938844203948975
3,3,4,Neutral,Happy,940,489,0.9495750069618225,0.8917543888092041,0.060891032218933105
3,4,0,Happy,Disgust,685,428,0.9489719867706299,0.9127347469329834,0.03818577527999878
3,4,1,Happy,Fear,685,550,0.9489719867706299,0.8952499628067017,0.05661076307296753
3,4,2,Happy,Sad,685,676,0.9489719867706299,0.9589178562164307,-0.010480642318725586
3,4,3,Happy,Neutral,685,525,0.9489719867706299,0.9357684254646301,0.013913512229919434
3,4,4,Happy,Happy,685,489,0.9489719867706299,0.8909469246864319,0.06114518642425537
4,0,0,Disgust,Disgust,737,428,0.9496841430664062,0.8955303430557251,0.05702298879623413
4,0,1,Disgust,Fear,737,550,0.9496841430664062,0.9267824292182922,0.02411508560180664
4,0,2,Disgust,Sad,737,676,0.9496841430664062,0.9523661732673645,-0.0028241872787475586
4,0,3,Disgust,Neutral,737,525,0.9496841430664062,0.9467347860336304,0.003105640411376953
4,0,4,Disgust,Happy,737,489,0.9496841430664062,0.9454436898231506,0.0044651031494140625
4,1,0,Fear,Disgust,917,428,0.9497014284133911,0.8956497311592102,0.05691438913345337
4,1,1,Fear,Fear,917,550,0.9497014284133911,0.926737368106842,0.024180293083190918
4,1,2,Fear,Sad,917,676,0.9497014284133911,0.9521052241325378,-0.0025310516357421875
4,1,3,Fear,Neutral,917,525,0.9497014284133911,0.9469909071922302,0.0028540492057800293
4,1,4,Fear,Happy,917,489,0.9497014284133911,0.9454951286315918,0.0044291019439697266
4,2,0,Sad,Disgust,1202,428,0.9478797912597656,0.8950068950653076,0.05578017234802246
4,2,1,Sad,Fear,1202,550,0.9478797912597656,0.9266834259033203,0.0223618745803833
4,2,2,Sad,Sad,1202,676,0.9478797912597656,0.952153742313385,-0.00450897216796875
4,2,3,Sad,Neutral,1202,525,0.9478797912597656,0.9468307495117188,0.0011067390441894531
4,2,4,Sad,Happy,1202,489,0.9478797912597656,0.9450930953025818,0.002939939498901367
4,3,0,Neutral,Disgust,913,428,0.9482349157333374,0.8935325145721436,0.05768865346908569
4,3,1,Neutral,Fear,913,550,0.9482349157333374,0.9257155656814575,0.023748695850372314
4,3,2,Neutral,Sad,913,676,0.9482349157333374,0.9513229727745056,-0.003256678581237793
4,3,3,Neutral,Neutral,913,525,0.9482349157333374,0.9456238746643066,0.0027535557746887207
4,3,4,Neutral,Happy,913,489,0.9482349157333374,0.9440554976463318,0.0044075846672058105
4,4,0,Happy,Disgust,697,428,0.9478362798690796,0.8971495628356934,0.05347621440887451
4,4,1,Happy,Fear,697,550,0.9478362798690796,0.9279122352600098,0.02102053165435791
4,4,2,Happy,Sad,697,676,0.9478362798690796,0.9527090787887573,-0.005141019821166992
4,4,3,Happy,Neutral,697,525,0.9478362798690796,0.9473285675048828,0.0005356669425964355
4,4,4,Happy,Happy,697,489,0.9478362798690796,0.9461207389831543,0.0018099546432495117
5,0,0,Disgust,Disgust,764,428,0.9490566849708557,0.8145700097084045,0.14170563220977783
5,0,1,Disgust,Fear,764,550,0.9490566849708557,0.840813398361206,0.11405354738235474
5,0,2,Disgust,Sad,764,676,0.9490566849708557,0.809761643409729,0.1467720866203308
5,0,3,Disgust,Neutral,764,525,0.9490566849708557,0.8859409093856812,0.06650370359420776
5,0,4,Disgust,Happy,764,489,0.9490566849708557,0.7908696532249451,0.16667819023132324
5,1,0,Fear,Disgust,887,428,0.9496233463287354,0.8143717646598816,0.14242655038833618
5,1,1,Fear,Fear,887,550,0.9496233463287354,0.8402971625328064,0.11512583494186401
5,1,2,Fear,Sad,887,676,0.9496233463287354,0.8100454211235046,0.14698243141174316
5,1,3,Fear,Neutral,887,525,0.9496233463287354,0.8851126432418823,0.06793296337127686
5,1,4,Fear,Happy,887,489,0.9496233463287354,0.7914035320281982,0.16661322116851807
5,2,0,Sad,Disgust,1167,428,0.9488987922668457,0.8150879144668579,0.14101701974868774
5,2,1,Sad,Fear,1167,550,0.9488987922668457,0.8412364721298218,0.11346030235290527
5,2,2,Sad,Sad,1167,676,0.9488987922668457,0.8107523918151855,0.1455860137939453
5,2,3,Sad,Neutral,1167,525,0.9488987922668457,0.8866719007492065,0.06557798385620117
5,2,4,Sad,Happy,1167,489,0.9488987922668457,0.7918428778648376,0.16551387310028076
5,3,0,Neutral,Disgust,920,428,0.9498445391654968,0.8130015134811401,0.14406883716583252
5,3,1,Neutral,Fear,920,550,0.9498445391654968,0.8406823873519897,0.11492633819580078
5,3,2,Neutral,Sad,920,676,0.9498445391654968,0.8088340759277344,0.14845633506774902
5,3,3,Neutral,Neutral,920,525,0.9498445391654968,0.8864271640777588,0.06676608324050903
5,3,4,Neutral,Happy,920,489,0.9498445391654968,0.789364755153656,0.16895371675491333
5,4,0,Happy,Disgust,728,428,0.948089063167572,0.8146193027496338,0.14077764749526978
5,4,1,Happy,Fear,728,550,0.948089063167572,0.8407976627349854,0.1131659746170044
5,4,2,Happy,Sad,728,676,0.948089063167572,0.8097924590110779,0.14586877822875977
5,4,3,Happy,Neutral,728,525,0.948089063167572,0.8860173225402832,0.06547039747238159
5,4,4,Happy,Happy,728,489,0.948089063167572,0.7903531789779663,0.1663724184036255
6,0,0,Disgust,Disgust,743,428,0.96424400806427,0.043524667620658875,0.9548613429069519
6,0,1,Disgust,Fear,743,550,0.96424400806427,0.028479527682065964,0.9704644083976746
6,0,2,Disgust,Sad,743,676,0.96424400806427,0.03504672646522522,0.9636536836624146
6,0,3,Disgust,Neutral,743,525,0.96424400806427,0.03876102715730667,0.9598016142845154
6,0,4,Disgust,Happy,743,489,0.96424400806427,0.03391168266534805,0.9648308157920837
6,1,0,Fear,Disgust,920,428,0.9661794304847717,0.044976606965065,0.953449010848999
6,1,1,Fear,Fear,920,550,0.9661794304847717,0.030048470944166183,0.9688997268676758
6,1,2,Fear,Sad,920,676,0.9661794304847717,0.0365854948759079,0.9621338248252869
6,1,3,Fear,Neutral,920,525,0.9661794304847717,0.0402238592505455,0.9583681225776672
6,1,4,Fear,Happy,920,489,0.9661794304847717,0.03542717546224594,0.9633327126502991
6,2,0,Sad,Disgust,1206,428,0.9639855623245239,0.04666781425476074,0.9515886902809143
6,2,1,Sad,Fear,1206,550,0.9639855623245239,0.03125441074371338,0.9675779342651367
6,2,2,Sad,Sad,1206,676,0.9639855623245239,0.03799908608198166,0.9605812430381775
6,2,3,Sad,Neutral,1206,525,0.9639855623245239,0.041579462587833405,0.9568671584129333
6,2,4,Sad,Happy,1206,489,0.9639855623245239,0.03678401559591293,0.9618417620658875
6,3,0,Neutral,Disgust,911,428,0.9653506875038147,0.045274101197719574,0.953100860118866
6,3,1,Neutral,Fear,911,550,0.9653506875038147,0.02921358123421669,0.9697378277778625
6,3,2,Neutral,Sad,911,676,0.9653506875038147,0.03652123361825943,0.9621679186820984
6,3,3,Neutral,Neutral,911,525,0.9653506875038147,0.03974069654941559,0.958832859992981
6,3,4,Neutral,Happy,911,489,0.9653506875038147,0.03470463678240776,0.9640496969223022
6,4,0,Happy,Disgust,686,428,0.9657731652259827,0.04368661344051361,0.9547651410102844
6,4,1,Happy,Fear,686,550,0.9657731652259827,0.028035607188940048,0.9709708094596863
6,4,2,Happy,Sad,686,676,0.9657731652259827,0.034955188632011414,0.9638060331344604
6,4,3,Happy,Neutral,686,525,0.9657731652259827,0.03844301775097847,0.9601945877075195
6,4,4,Happy,Happy,686,489,0.9657731652259827,0.033574871718883514,0.9652352333068848
7,0,0,Disgust,Disgust,779,428,0.9465696215629578,0.9553007483482361,-0.00922393798828125
7,0,1,Disgust,Fear,779,550,0.9465696215629578,0.9424135088920593,0.004390716552734375
7,0,2,Disgust,Sad,779,676,0.9465696215629578,0.9510919451713562,-0.00477755069732666
7,0,3,Disgust,Neutral,779,525,0.9465696215629578,0.9451910853385925,0.0014563202857971191
7,0,4,Disgust,Happy,779,489,0.9465696215629578,0.9457979202270508,0.000815272331237793
7,1,0,Fear,Disgust,914,428,0.9454433917999268,0.9558752775192261,-0.011033892631530762
7,1,1,Fear,Fear,914,550,0.9454433917999268,0.9427082538604736,0.0028929710388183594
7,1,2,Fear,Sad,914,676,0.9454433917999268,0.9515160322189331,-0.0064231157302856445
7,1,3,Fear,Neutral,914,525,0.9454433917999268,0.9455430507659912,-0.00010538101196289062
7,1,4,Fear,Happy,914,489,0.9454433917999268,0.9468108415603638,-0.001446366310119629
7,2,0,Sad,Disgust,1199,428,0.9455472826957703,0.9557644724845886,-0.010805606842041016
7,2,1,Sad,Fear,1199,550,0.9455472826957703,0.9428087472915649,0.002896249294281006
7,2,2,Sad,Sad,1199,676,0.9455472826957703,0.9516192674636841,-0.006421685218811035
7,2,3,Sad,Neutral,1199,525,0.9455472826957703,0.9455888867378235,-4.398822784423828e-05
7,2,4,Sad,Happy,1199,489,0.9455472826957703,0.9471035003662109,-0.001645803451538086
7,3,0,Neutral,Disgust,908,428,0.9457550644874573,0.9559673070907593,-0.010797977447509766
7,3,1,Neutral,Fear,908,550,0.9457550644874573,0.9423369765281677,0.0036141276359558105
7,3,2,Neutral,Sad,908,676,0.9457550644874573,0.9514705538749695,-0.0060433149337768555
7,3,3,Neutral,Neutral,908,525,0.9457550644874573,0.9458053708076477,-5.316734313964844e-05
7,3,4,Neutral,Happy,908,489,0.9457550644874573,0.9470779299736023,-0.0013986825942993164
7,4,0,Happy,Disgust,666,428,0.9453766942024231,0.9551920294761658,-0.010382413864135742
7,4,1,Happy,Fear,666,550,0.9453766942024231,0.9420623779296875,0.0035058259963989258
7,4,2,Happy,Sad,666,676,0.9453766942024231,0.9509029388427734,-0.005845546722412109
7,4,3,Happy,Neutral,666,525,0.9453766942024231,0.9448269605636597,0.0005815029144287109
7,4,4,Happy,Happy,666,489,0.9453766942024231,0.9460051655769348,-0.000664830207824707
8,0,0,Disgust,Disgust,770,428,0.9617975354194641,0.9618401527404785,-4.4345855712890625e-05
8,0,1,Disgust,Fear,770,550,0.9617975354194641,0.9825773239135742,-0.02160513401031494
8,0,2,Disgust,Sad,770,676,0.9617975354194641,0.977548360824585,-0.016376495361328125
8,0,3,Disgust,Neutral,770,525,0.9617975354194641,0.9826478958129883,-0.021678566932678223
8,0,4,Disgust,Happy,770,489,0.9617975354194641,0.9777439832687378,-0.016579866409301758
8,1,0,Fear,Disgust,948,428,0.9612956047058105,0.9617729783058167,-0.0004966259002685547
8,1,1,Fear,Fear,948,550,0.9612956047058105,0.9823685884475708,-0.021921396255493164
8,1,2,Fear,Sad,948,676,0.9612956047058105,0.9775989055633545,-0.016959667205810547
8,1,3,Fear,Neutral,948,525,0.9612956047058105,0.9823516607284546,-0.0219038724899292
8,1,4,Fear,Happy,948,489,0.9612956047058105,0.9780316352844238,-0.017409920692443848
8,2,0,Sad,Disgust,1153,428,0.9626820683479309,0.9616350531578064,0.0010876059532165527
8,2,1,Sad,Fear,1153,550,0.9626820683479309,0.9823530912399292,-0.020433545112609863
8,2,2,Sad,Sad,1153,676,0.9626820683479309,0.9776782989501953,-0.015577554702758789
8,2,3,Sad,Neutral,1153,525,0.9626820683479309,0.9823546409606934,-0.020435214042663574
8,2,4,Sad,Happy,1153,489,0.9626820683479309,0.9777796864509583,-0.01568281650543213
8,3,0,Neutral,Disgust,895,428,0.9629985690116882,0.9622884392738342,0.0007374286651611328
8,3,1,Neutral,Fear,895,550,0.9629985690116882,0.9825509786605835,-0.020303726196289062
8,3,2,Neutral,Sad,895,676,0.9629985690116882,0.9778882265090942,-0.01546180248260498
8,3,3,Neutral,Neutral,895,525,0.9629985690116882,0.9824592471122742,-0.02020847797393799
8,3,4,Neutral,Happy,895,489,0.9629985690116882,0.9780436158180237,-0.015623092651367188
8,4,0,Happy,Disgust,700,428,0.9626665711402893,0.962148129940033,0.0005385279655456543
8,4,1,Happy,Fear,700,550,0.9626665711402893,0.9827237129211426,-0.020835041999816895
8,4,2,Happy,Sad,700,676,0.9626665711402893,0.9775938987731934,-0.015506267547607422
8,4,3,Happy,Neutral,700,525,0.9626665711402893,0.9824924468994141,-0.02059471607208252
8,4,4,Happy,Happy,700,489,0.9626665711402893,0.9779017567634583,-0.015825986862182617
9,0,0,Disgust,Disgust,770,428,0.9433595538139343,0.9741178750991821,-0.03260505199432373
9,0,1,Disgust,Fear,770,550,0.9433595538139343,0.86176598072052,0.08649253845214844
9,0,2,Disgust,Sad,770,676,0.9433595538139343,0.9429543614387512,0.00042951107025146484
9,0,3,Disgust,Neutral,770,525,0.9433595538139343,0.9405920505523682,0.002933681011199951
9,0,4,Disgust,Happy,770,489,0.9433595538139343,0.9370121359825134,0.006728529930114746
9,1,0,Fear,Disgust,908,428,0.942958414554596,0.974790096282959,-0.03375720977783203
9,1,1,Fear,Fear,908,550,0.942958414554596,0.8644603490829468,0.08324658870697021
9,1,2,Fear,Sad,908,676,0.942958414554596,0.9448487758636475,-0.0020047426223754883
9,1,3,Fear,Neutral,908,525,0.942958414554596,0.9423962831497192,0.000596165657043457
9,1,4,Fear,Happy,908,489,0.942958414554596,0.9386845827102661,0.004532337188720703
9,2,0,Sad,Disgust,1202,428,0.9419812560081482,0.9743723273277283,-0.03438615798950195
9,2,1,Sad,Fear,1202,550,0.9419812560081482,0.8638544678688049,0.0829387903213501
9,2,2,Sad,Sad,1202,676,0.9419812560081482,0.9435266256332397,-0.0016405582427978516
9,2,3,Sad,Neutral,1202,525,0.9419812560081482,0.941908597946167,7.712841033935547e-05
9,2,4,Sad,Happy,1202,489,0.9419812560081482,0.9381285905838013,0.004089951515197754
9,3,0,Neutral,Disgust,895,428,0.9434841871261597,0.9754725694656372,-0.0339045524597168
9,3,1,Neutral,Fear,895,550,0.9434841871261597,0.8657033443450928,0.08244001865386963
9,3,2,Neutral,Sad,895,676,0.9434841871261597,0.9456067681312561,-0.0022497177124023438
9,3,3,Neutral,Neutral,895,525,0.9434841871261597,0.9432607889175415,0.00023680925369262695
9,3,4,Neutral,Happy,895,489,0.9434841871261597,0.9397584795951843,0.003948867321014404
9,4,0,Happy,Disgust,691,428,0.9414249658584595,0.974534809589386,-0.03516995906829834
9,4,1,Happy,Fear,691,550,0.9414249658584595,0.8645904064178467,0.081615149974823
9,4,2,Happy,Sad,691,676,0.9414249658584595,0.9444146752357483,-0.0031757354736328125
9,4,3,Happy,Neutral,691,525,0.9414249658584595,0.9424712657928467,-0.0011113882064819336
9,4,4,Happy,Happy,691,489,0.9414249658584595,0.9385099411010742,0.0030964016914367676
10,0,0,Disgust,Disgust,772,428,0.9595406651496887,0.8904800415039062,0.07197260856628418
10,0,1,Disgust,Fear,772,550,0.9595406651496887,0.9115344285964966,0.050030410289764404
10,0,2,Disgust,Sad,772,676,0.9595406651496887,0.930579662322998,0.0301821231842041
10,0,3,Disgust,Neutral,772,525,0.9595406651496887,0.8959529399871826,0.0662689208984375
10,0,4,Disgust,Happy,772,489,0.9595406651496887,0.8901844024658203,0.07228070497512817
10,1,0,Fear,Disgust,876,428,0.9589199423789978,0.8898769617080688,0.07200080156326294
10,1,1,Fear,Fear,876,550,0.9589199423789978,0.9110010862350464,0.049971699714660645
10,1,2,Fear,Sad,876,676,0.9589199423789978,0.9295309782028198,0.030647993087768555
10,1,3,Fear,Neutral,876,525,0.9589199423789978,0.8956961631774902,0.0659322738647461
10,1,4,Fear,Happy,876,489,0.9589199423789978,0.8897240161895752,0.07216030359268188
10,2,0,Sad,Disgust,1211,428,0.9585428833961487,0.8892594575881958,0.0722799301147461
10,2,1,Sad,Fear,1211,550,0.9585428833961487,0.9103027582168579,0.050326526165008545
10,2,2,Sad,Sad,1211,676,0.9585428833961487,0.9294028282165527,0.030400395393371582
10,2,3,Sad,Neutral,1211,525,0.9585428833961487,0.8956118822097778,0.06565278768539429
10,2,4,Sad,Happy,1211,489,0.9585428833961487,0.8893787264823914,0.07215553522109985
10,3,0,Neutral,Disgust,925,428,0.9590414762496948,0.8914675712585449,0.07045984268188477
10,3,1,Neutral,Fear,925,550,0.9590414762496948,0.9122264385223389,0.04881441593170166
10,3,2,Neutral,Sad,925,676,0.9590414762496948,0.9310163259506226,0.029222071170806885
10,3,3,Neutral,Neutral,925,525,0.9590414762496948,0.897210955619812,0.06447118520736694
10,3,4,Neutral,Happy,925,489,0.9590414762496948,0.8914388418197632,0.07048976421356201
10,4,0,Happy,Disgust,682,428,0.9598690867424011,0.8882436752319336,0.07462000846862793
10,4,1,Happy,Fear,682,550,0.9598690867424011,0.9106654524803162,0.05126076936721802
10,4,2,Happy,Sad,682,676,0.9598690867424011,0.9296070337295532,0.03152728080749512
10,4,3,Happy,Neutral,682,525,0.9598690867424011,0.8948805332183838,0.06770563125610352
10,4,4,Happy,Happy,682,489,0.9598690867424011,0.8881429433822632,0.07472491264343262
11,0,0,Disgust,Disgust,783,428,0.9837616682052612,0.8717347979545593,0.11387604475021362
11,0,1,Disgust,Fear,783,550,0.9837616682052612,0.8778079748153687,0.10770261287689209
11,0,2,Disgust,Sad,783,676,0.9837616682052612,0.8445736765861511,0.14148545265197754
11,0,3,Disgust,Neutral,783,525,0.9837616682052612,0.8376574516296387,0.14851588010787964
11,0,4,Disgust,Happy,783,489,0.9837616682052612,0.8758984804153442,0.10964363813400269
11,1,0,Fear,Disgust,899,428,0.9834072589874268,0.8727880716323853,0.11248564720153809
11,1,1,Fear,Fear,899,550,0.9834072589874268,0.8786352276802063,0.10653984546661377
11,1,2,Fear,Sad,899,676,0.9834072589874268,0.8462166786193848,0.13950538635253906
11,1,3,Fear,Neutral,899,525,0.9834072589874268,0.8387241363525391,0.1471242904663086
11,1,4,Fear,Happy,899,489,0.9834072589874268,0.8769117593765259,0.1082923412322998
11,2,0,Sad,Disgust,1180,428,0.9835546612739563,0.8721530437469482,0.11326426267623901
11,2,1,Sad,Fear,1180,550,0.9835546612739563,0.8783092498779297,0.10700511932373047
11,2,2,Sad,Sad,1180,676,0.9835546612739563,0.8453176617622375,0.14054834842681885
11,2,3,Sad,Neutral,1180,525,0.9835546612739563,0.8384473919868469,0.14753353595733643
11,2,4,Sad,Happy,1180,489,0.9835546612739563,0.8764609098434448,0.10888439416885376
11,3,0,Neutral,Disgust,915,428,0.9840995669364929,0.8709885478019714,0.11493861675262451
11,3,1,Neutral,Fear,915,550,0.9840995669364929,0.8769746422767639,0.10885578393936157
11,3,2,Neutral,Sad,915,676,0.9840995669364929,0.8441973924636841,0.14216262102127075
11,3,3,Neutral,Neutral,915,525,0.9840995669364929,0.8370572924613953,0.14941811561584473
11,3,4,Neutral,Happy,915,489,0.9840995669364929,0.8750838041305542,0.11077713966369629
11,4,0,Happy,Disgust,689,428,0.9842244386672974,0.8724774122238159,0.11353814601898193
11,4,1,Happy,Fear,689,550,0.9842244386672974,0.8784035444259644,0.1075170636177063
11,4,2,Happy,Sad,689,676,0.9842244386672974,0.8456043004989624,0.1408420205116272
11,4,3,Happy,Neutral,689,525,0.9842244386672974,0.8384939432144165,0.14806634187698364
11,4,4,Happy,Happy,689,489,0.9842244386672974,0.8765355348587036,0.10941499471664429
12,0,0,Disgust,Disgust,768,428,0.9405295252799988,0.7441680431365967,0.20877760648727417
12,0,1,Disgust,Fear,768,550,0.9405295252799988,0.7793939113616943,0.17132437229156494
12,0,2,Disgust,Sad,768,676,0.9405295252799988,0.750495195388794,0.20205038785934448
12,0,3,Disgust,Neutral,768,525,0.9405295252799988,0.8202782869338989,0.1278548240661621
12,0,4,Disgust,Happy,768,489,0.9405295252799988,0.690637469291687,0.26569294929504395
12,1,0,Fear,Disgust,917,428,0.9414622783660889,0.7466367483139038,0.20693928003311157
12,1,1,Fear,Fear,917,550,0.9414622783660889,0.7821214199066162,0.1692482829093933
12,1,2,Fear,Sad,917,676,0.9414622783660889,0.7538034915924072,0.19932693243026733
12,1,3,Fear,Neutral,917,525,0.9414622783660889,0.8227399587631226,0.1261041760444641
12,1,4,Fear,Happy,917,489,0.9414622783660889,0.694272518157959,0.2625594139099121
12,2,0,Sad,Disgust,1225,428,0.9417736530303955,0.747438907623291,0.20634973049163818
12,2,1,Sad,Fear,1225,550,0.9417736530303955,0.7818867564201355,0.16977208852767944
12,2,2,Sad,Sad,1225,676,0.9417736530303955,0.7536962032318115,0.1997056007385254
12,2,3,Sad,Neutral,1225,525,0.9417736530303955,0.8223593235015869,0.12679725885391235
12,2,4,Sad,Happy,1225,489,0.9417736530303955,0.6939096450805664,0.26318854093551636
12,3,0,Neutral,Disgust,883,428,0.9427561163902283,0.7461913824081421,0.20850008726119995
12,3,1,Neutral,Fear,883,550,0.9427561163902283,0.781430721282959,0.1711210012435913
12,3,2,Neutral,Sad,883,676,0.9427561163902283,0.7524675726890564,0.2018427848815918
12,3,3,Neutral,Neutral,883,525,0.9427561163902283,0.8213650584220886,0.128761887550354
12,3,4,Neutral,Happy,883,489,0.9427561163902283,0.6929985880851746,0.26492273807525635
12,4,0,Happy,Disgust,673,428,0.9428501129150391,0.7469983696937561,0.20772308111190796
12,4,1,Happy,Fear,673,550,0.9428501129150391,0.780887246131897,0.1717800498008728
12,4,2,Happy,Sad,673,676,0.9428501129150391,0.7533433437347412,0.20099353790283203
12,4,3,Happy,Neutral,673,525,0.9428501129150391,0.8223128318786621,0.12784349918365479
12,4,4,Happy,Happy,673,489,0.9428501129150391,0.6935580968856812,0.2644025683403015
13,0,0,Disgust,Disgust,744,428,0.9745699763298035,0.8504998683929443,0.12730753421783447
13,0,1,Disgust,Fear,744,550,0.9745699763298035,0.8378614783287048,0.1402757167816162
13,0,2,Disgust,Sad,744,676,0.9745699763298035,0.8242749571800232,0.15421676635742188
13,0,3,Disgust,Neutral,744,525,0.9745699763298035,0.8659624457359314,0.11144149303436279
13,0,4,Disgust,Happy,744,489,0.9745699763298035,0.836276650428772,0.1419019103050232
13,1,0,Fear,Disgust,923,428,0.9722445607185364,0.8510626554489136,0.12464135885238647
13,1,1,Fear,Fear,923,550,0.9722445607185364,0.8387758731842041,0.13727891445159912
13,1,2,Fear,Sad,923,676,0.9722445607185364,0.824957549571991,0.1514917016029358
13,1,3,Fear,Neutral,923,525,0.9722445607185364,0.8664646148681641,0.1087997555732727
13,1,4,Fear,Happy,923,489,0.9722445607185364,0.8369119167327881,0.13919609785079956
13,2,0,Sad,Disgust,1172,428,0.9731396436691284,0.8507906198501587,0.12572604417800903
13,2,1,Sad,Fear,1172,550,0.9731396436691284,0.8383777141571045,0.13848161697387695
13,2,2,Sad,Sad,1172,676,0.9731396436691284,0.8246402740478516,0.15259820222854614
13,2,3,Sad,Neutral,1172,525,0.9731396436691284,0.8661682605743408,0.10992395877838135
13,2,4,Sad,Happy,1172,489,0.9731396436691284,0.8366773128509521,0.14022892713546753
13,3,0,Neutral,Disgust,906,428,0.9736788272857666,0.8514727354049683,0.12550967931747437
13,3,1,Neutral,Fear,906,550,0.9736788272857666,0.8391667008399963,0.13814836740493774
13,3,2,Neutral,Sad,906,676,0.9736788272857666,0.8254235982894897,0.15226298570632935
13,3,3,Neutral,Neutral,906,525,0.9736788272857666,0.8669909834861755,0.10957193374633789
13,3,4,Neutral,Happy,906,489,0.9736788272857666,0.8373171091079712,0.14004796743392944
13,4,0,Happy,Disgust,721,428,0.9728662371635437,0.8514878749847412,0.12476366758346558
13,4,1,Happy,Fear,721,550,0.9728662371635437,0.8389196395874023,0.13768243789672852
13,4,2,Happy,Sad,721,676,0.9728662371635437,0.8251285552978516,0.1518581509590149
13,4,3,Happy,Neutral,721,525,0.9728662371635437,0.8668271899223328,0.10899651050567627
13,4,4,Happy,Happy,721,489,0.9728662371635437,0.8371590375900269,0.13949215412139893
14,0,0,Disgust,Disgust,775,428,0.9442325234413147,0.9282877445220947,0.016886472702026367
14,0,1,Disgust,Fear,775,550,0.9442325234413147,0.9027555584907532,0.0439266562461853
14,0,2,Disgust,Sad,775,676,0.9442325234413147,0.9348677396774292,0.009917855262756348
14,0,3,Disgust,Neutral,775,525,0.9442325234413147,0.9036126136779785,0.043018996715545654
14,0,4,Disgust,Happy,775,489,0.9442325234413147,0.9017126560211182,0.04503113031387329
14,1,0,Fear,Disgust,923,428,0.944534182548523,0.930577278137207,0.014776468276977539
14,1,1,Fear,Fear,923,550,0.944534182548523,0.9052650928497314,0.041575074195861816
14,1,2,Fear,Sad,923,676,0.944534182548523,0.9372422099113464,0.00772017240524292
14,1,3,Fear,Neutral,923,525,0.944534182548523,0.906489372253418,0.04027891159057617
14,1,4,Fear,Happy,923,489,0.944534182548523,0.9037383794784546,0.04319143295288086
14,2,0,Sad,Disgust,1246,428,0.9412137866020203,0.9304624795913696,0.011422812938690186
14,2,1,Sad,Fear,1246,550,0.9412137866020203,0.9048852920532227,0.03859752416610718
14,2,2,Sad,Sad,1246,676,0.9412137866020203,0.9370614290237427,0.0044116973876953125
14,2,3,Sad,Neutral,1246,525,0.9412137866020203,0.9063370227813721,0.03705507516860962
14,2,4,Sad,Happy,1246,489,0.9412137866020203,0.9042947888374329,0.039224863052368164
14,3,0,Neutral,Disgust,884,428,0.9434875845909119,0.9303215146064758,0.013954699039459229
14,3,1,Neutral,Fear,884,550,0.9434875845909119,0.9049766659736633,0.04081761837005615
14,3,2,Neutral,Sad,884,676,0.9434875845909119,0.9369708299636841,0.006907105445861816
14,3,3,Neutral,Neutral,884,525,0.9434875845909119,0.9061565399169922,0.03956705331802368
14,3,4,Neutral,Happy,884,489,0.9434875845909119,0.9038424491882324,0.042019784450531006
14,4,0,Happy,Disgust,638,428,0.9437380433082581,0.928737998008728,0.015894293785095215
14,4,1,Happy,Fear,638,550,0.9437380433082581,0.904889702796936,0.0411643385887146
14,4,2,Happy,Sad,638,676,0.9437380433082581,0.9349056482315063,0.00935894250869751
14,4,3,Happy,Neutral,638,525,0.9437380433082581,0.9033892750740051,0.04275423288345337
14,4,4,Happy,Happy,638,489,0.9437380433082581,0.9028304815292358,0.043346285820007324
15,0,0,Disgust,Disgust,758,428,0.962454617023468,0.9611129760742188,0.0013939738273620605
15,0,1,Disgust,Fear,758,550,0.962454617023468,0.8546931743621826,0.11196523904800415
15,0,2,Disgust,Sad,758,676,0.962454617023468,0.9576239585876465,0.005019128322601318
15,0,3,Disgust,Neutral,758,525,0.962454617023468,0.943220853805542,0.019984066486358643
15,0,4,Disgust,Happy,758,489,0.962454617023468,0.9154189825057983,0.0488705039024353
15,1,0,Fear,Disgust,864,428,0.9615881443023682,0.9601072669029236,0.0015400052070617676
15,1,1,Fear,Fear,864,550,0.9615881443023682,0.8542263507843018,0.11165046691894531
15,1,2,Fear,Sad,864,676,0.9615881443023682,0.9563246965408325,0.005473673343658447
15,1,3,Fear,Neutral,864,525,0.9615881443023682,0.9423430562019348,0.020013868808746338
15,1,4,Fear,Happy,864,489,0.9615881443023682,0.914747953414917,0.048711299896240234
15,2,0,Sad,Disgust,1207,428,0.9631547331809998,0.9598461389541626,0.0034351348876953125
15,2,1,Sad,Fear,1207,550,0.9631547331809998,0.8516654372215271,0.11575430631637573
15,2,2,Sad,Sad,1207,676,0.9631547331809998,0.9559918642044067,0.007436871528625488
15,2,3,Sad,Neutral,1207,525,0.9631547331809998,0.9412442445755005,0.02274864912033081
15,2,4,Sad,Happy,1207,489,0.9631547331809998,0.9130598306655884,0.05201125144958496
15,3,0,Neutral,Disgust,959,428,0.9610642790794373,0.9609490036964417,0.00011992454528808594
15,3,1,Neutral,Fear,959,550,0.9610642790794373,0.8544304370880127,0.1109539270401001
15,3,2,Neutral,Sad,959,676,0.9610642790794373,0.9571843147277832,0.004037141799926758
15,3,3,Neutral,Neutral,959,525,0.9610642790794373,0.942794919013977,0.019009530544281006
15,3,4,Neutral,Happy,959,489,0.9610642790794373,0.9151818752288818,0.04774123430252075
15,4,0,Happy,Disgust,678,428,0.9617974162101746,0.9602248668670654,0.0016350150108337402
15,4,1,Happy,Fear,678,550,0.9617974162101746,0.8525558114051819,0.11358070373535156
15,4,2,Happy,Sad,678,676,0.9617974162101746,0.9565001726150513,0.00550764799118042
15,4,3,Happy,Neutral,678,525,0.9617974162101746,0.9418931603431702,0.020694851875305176
15,4,4,Happy,Happy,678,489,0.9617974162101746,0.9140374064445496,0.04965704679489136
