method,split,EER,AUC
PSD+cosine,S1 (within),0.18340625000000002,0.8953077303059896
PSD+cosine,S1->S2,0.22861979166666668,0.856871630859375
PSD+cosine,S1->S3,0.2721927083333333,0.8075526774088543
EEGNet+cosine,S1 (within),0.016562500000000018,0.9986456591796875
EEGNet+cosine,S1->S2,0.15861979166666662,0.8967166975911458
EEGNet+cosine,S1->S3,0.1923125,0.8525556241861979
P4 Mahalanobis (RUN03),pooled cross-session,0.3182,0.7495
P4 lightweight+adaptive (RUN07),S1->S2,0.1818,0.898
P4 lightweight+adaptive (RUN07),S1->S3,0.2508,0.8193
