enroll_session,test_session,enroll_emotion,test_emotion,transition,theta_power_drift,alpha_power_drift,beta_power_drift,gamma_power_drift,total_psd_drift
SEEDV_Q1_SAFE_SESSION1_16sub.npz,SEEDV_Q1_SAFE_SESSION2_16sub.npz,Disgust,Disgust,Disgust->Disgust,0.0007772466389551043,0.0006630943528199123,0.0003207875340844376,0.00031761363567230067,0.0020787421615317547
SEEDV_Q1_SAFE_SESSION1_16sub.npz,SEEDV_Q1_SAFE_SESSION2_16sub.npz,Disgust,Fear,Disgust->Fear,0.0006363930424586644,0.0007667895500725576,0.00040581960264327277,0.0003866588729405999,0.0021956610681150945
SEEDV_Q1_SAFE_SESSION1_16sub.npz,SEEDV_Q1_SAFE_SESSION2_16sub.npz,Disgust,Happy,Disgust->Happy,0.001287334352465612,0.0010330857692419412,0.00045916520591293073,0.0001885156098675604,0.0029681009374880442
SEEDV_Q1_SAFE_SESSION1_16sub.npz,SEEDV_Q1_SAFE_SESSION2_16sub.npz,Disgust,Neutral,Disgust->Neutral,0.0008778854373044199,0.0015397402906923423,0.0009992599282191979,0.0013530594648771166,0.004769945121093076
SEEDV_Q1_SAFE_SESSION1_16sub.npz,SEEDV_Q1_SAFE_SESSION2_16sub.npz,Disgust,Sad,Disgust->Sad,0.000651521588276539,0.0017117019886860538,0.0004728797410193478,0.0010076908418947522,0.003843794159876693
SEEDV_Q1_SAFE_SESSION1_16sub.npz,SEEDV_Q1_SAFE_SESSION2_16sub.npz,Fear,Disgust,Fear->Disgust,0.0011095031885252813,0.0017245367258077575,0.0004386303662267022,0.0004037061147668974,0.003676376395326639
SEEDV_Q1_SAFE_SESSION1_16sub.npz,SEEDV_Q1_SAFE_SESSION2_16sub.npz,Fear,Fear,Fear->Fear,0.00066842411400839,0.0014306255050801804,0.00037130322820129994,0.00022608348316723636,0.002696436330457107
SEEDV_Q1_SAFE_SESSION1_16sub.npz,SEEDV_Q1_SAFE_SESSION2_16sub.npz,Fear,Happy,Fear->Happy,0.0019851053521657974,0.0014261618112435652,0.00039932966977912195,0.0003835258136470136,0.004194122646835498
SEEDV_Q1_SAFE_SESSION1_16sub.npz,SEEDV_Q1_SAFE_SESSION2_16sub.npz,Fear,Neutral,Fear->Neutral,0.001077644699918372,0.0009010488311538386,0.0006515843043979702,0.0010331506793764197,0.0036634285148466005
SEEDV_Q1_SAFE_SESSION1_16sub.npz,SEEDV_Q1_SAFE_SESSION2_16sub.npz,Fear,Sad,Fear->Sad,0.0014691034187784512,0.0007138544211297164,0.0003204759874192643,0.0006877820563940555,0.0031912158837214878
SEEDV_Q1_SAFE_SESSION1_16sub.npz,SEEDV_Q1_SAFE_SESSION2_16sub.npz,Happy,Disgust,Happy->Disgust,0.0007717071799561371,0.00021320249153567242,0.00036408770746285384,0.0006764506854649102,0.002025448064419574
SEEDV_Q1_SAFE_SESSION1_16sub.npz,SEEDV_Q1_SAFE_SESSION2_16sub.npz,Happy,Fear,Happy->Fear,0.0013268675134029406,0.0006021082489973021,0.0003380071915065246,0.000574349651564955,0.0028413326054717225
SEEDV_Q1_SAFE_SESSION1_16sub.npz,SEEDV_Q1_SAFE_SESSION2_16sub.npz,Happy,Happy,Happy->Happy,0.0006265237495037057,0.0003725370458726375,0.0003418910444625429,0.00044606500637850595,0.001787016846217392
SEEDV_Q1_SAFE_SESSION1_16sub.npz,SEEDV_Q1_SAFE_SESSION2_16sub.npz,Happy,Neutral,Happy->Neutral,0.0010241177199142317,0.0010242872250576817,0.0010669527065363667,0.001605530063638331,0.00472088771514661
SEEDV_Q1_SAFE_SESSION1_16sub.npz,SEEDV_Q1_SAFE_SESSION2_16sub.npz,Happy,Sad,Happy->Sad,0.0009096364634821101,0.0011962489230513931,0.0006392860981924015,0.0012601614406559662,0.00400533292538187
SEEDV_Q1_SAFE_SESSION1_16sub.npz,SEEDV_Q1_SAFE_SESSION2_16sub.npz,Neutral,Disgust,Neutral->Disgust,0.000577377478059913,0.0007148519790332236,0.000984206388793176,0.0011553208841914534,0.003431756730077766
SEEDV_Q1_SAFE_SESSION1_16sub.npz,SEEDV_Q1_SAFE_SESSION2_16sub.npz,Neutral,Fear,Neutral->Fear,0.0006660712849614874,0.0006807942542114431,0.0009168792507677738,0.0011227330273305552,0.003386477817271259
SEEDV_Q1_SAFE_SESSION1_16sub.npz,SEEDV_Q1_SAFE_SESSION2_16sub.npz,Neutral,Happy,Neutral->Happy,0.001250749324182314,0.0007470233144149894,0.0009449056923455958,0.001233795901602467,0.004176474232545366
SEEDV_Q1_SAFE_SESSION1_16sub.npz,SEEDV_Q1_SAFE_SESSION2_16sub.npz,Neutral,Neutral,Neutral->Neutral,0.0005556609614619189,0.00036873094781878434,0.00019984027298743882,0.0002177035518495055,0.0013419357341176476
SEEDV_Q1_SAFE_SESSION1_16sub.npz,SEEDV_Q1_SAFE_SESSION2_16sub.npz,Neutral,Sad,Neutral->Sad,0.00043662187443780054,0.0005559253578429065,0.0004678535036787038,0.0003252960875951906,0.0017856968235546015
SEEDV_Q1_SAFE_SESSION1_16sub.npz,SEEDV_Q1_SAFE_SESSION2_16sub.npz,Sad,Disgust,Sad->Disgust,0.0011278464713887798,0.001543288517166816,0.0006644604242562007,0.0010002698361252743,0.004335865248937071
SEEDV_Q1_SAFE_SESSION1_16sub.npz,SEEDV_Q1_SAFE_SESSION2_16sub.npz,Sad,Fear,Sad->Fear,0.0010300987677293876,0.0014489895265017236,0.0005971332862307985,0.0009676819792643765,0.004043903559726286
SEEDV_Q1_SAFE_SESSION1_16sub.npz,SEEDV_Q1_SAFE_SESSION2_16sub.npz,Sad,Happy,Sad->Happy,0.0015641582098656465,0.00151521858670527,0.0006251597278086205,0.001078744853536288,0.004783281377915826
SEEDV_Q1_SAFE_SESSION1_16sub.npz,SEEDV_Q1_SAFE_SESSION2_16sub.npz,Sad,Neutral,Sad->Neutral,0.0011448505157161328,0.000750645826615038,0.0004257542463684717,0.000304699362494007,0.0026259499511936493
SEEDV_Q1_SAFE_SESSION1_16sub.npz,SEEDV_Q1_SAFE_SESSION2_16sub.npz,Sad,Sad,Sad->Sad,0.0007524940639822963,0.0006708655678223634,0.00017382539559288745,0.00012288695399460952,0.0017200719813921564
SEEDV_Q1_SAFE_SESSION1_16sub.npz,SEEDV_Q1_SAFE_SESSION3_16sub.npz,Disgust,Disgust,Disgust->Disgust,0.001578093280217478,0.0006527367480365295,0.0009044879705124049,0.0008690297480955322,0.004004347746861944
SEEDV_Q1_SAFE_SESSION1_16sub.npz,SEEDV_Q1_SAFE_SESSION3_16sub.npz,Disgust,Fear,Disgust->Fear,0.0004255104610430341,0.0009928969821582237,0.0008336122169913281,0.0008077758392790287,0.003059795499471615
SEEDV_Q1_SAFE_SESSION1_16sub.npz,SEEDV_Q1_SAFE_SESSION3_16sub.npz,Disgust,Happy,Disgust->Happy,0.0013262261015673474,0.0009003882418342288,0.00040143126139550333,0.00035391933169670484,0.002981964936493784
SEEDV_Q1_SAFE_SESSION1_16sub.npz,SEEDV_Q1_SAFE_SESSION3_16sub.npz,Disgust,Neutral,Disgust->Neutral,0.0009489912639505091,0.0006123479394729997,0.0015413647190490297,0.0015515795448057662,0.004654283467278305
SEEDV_Q1_SAFE_SESSION1_16sub.npz,SEEDV_Q1_SAFE_SESSION3_16sub.npz,Disgust,Sad,Disgust->Sad,0.002189010128911053,0.0006877133367760545,0.0015028777020883615,0.0016689462233833705,0.00604854739115884
SEEDV_Q1_SAFE_SESSION1_16sub.npz,SEEDV_Q1_SAFE_SESSION3_16sub.npz,Fear,Disgust,Fear->Disgust,0.0027524342638484784,0.002399832083998869,0.0006203249362962586,0.0006267466193613864,0.006399337903504993
SEEDV_Q1_SAFE_SESSION1_16sub.npz,SEEDV_Q1_SAFE_SESSION3_16sub.npz,Fear,Fear,Fear->Fear,0.0010117502118061699,0.0030595229312200987,0.00048593659317010057,0.0004878670537783322,0.005045076789974701
SEEDV_Q1_SAFE_SESSION1_16sub.npz,SEEDV_Q1_SAFE_SESSION3_16sub.npz,Fear,Happy,Fear->Happy,0.002077684672327623,0.002099242476591219,9.594875002568136e-05,0.000302939481237748,0.0045758153801822715
SEEDV_Q1_SAFE_SESSION1_16sub.npz,SEEDV_Q1_SAFE_SESSION3_16sub.npz,Fear,Neutral,Fear->Neutral,0.0011973069182464047,0.002064936926277975,0.0011936890952278022,0.0012316707593050698,0.005687603699057252
SEEDV_Q1_SAFE_SESSION1_16sub.npz,SEEDV_Q1_SAFE_SESSION3_16sub.npz,Fear,Sad,Fear->Sad,0.003363351112542054,0.0016898133265342385,0.001155202078267134,0.0013490374378826737,0.0075574039552260995
SEEDV_Q1_SAFE_SESSION1_16sub.npz,SEEDV_Q1_SAFE_SESSION3_16sub.npz,Happy,Disgust,Happy->Disgust,0.0013458376495345016,0.0007517608608828774,0.001001260426987539,0.0012047446660636482,0.004303603603468567
SEEDV_Q1_SAFE_SESSION1_16sub.npz,SEEDV_Q1_SAFE_SESSION3_16sub.npz,Happy,Fear,Happy->Fear,0.0011191669064352203,0.0013775609417020214,0.0009013049953084971,0.0010602464380402431,0.004458279281485981
SEEDV_Q1_SAFE_SESSION1_16sub.npz,SEEDV_Q1_SAFE_SESSION3_16sub.npz,Happy,Happy,Happy->Happy,0.0007945619357217642,0.0006542623458829311,0.0004691240397126723,0.0006407516711208571,0.0025586999924382247
SEEDV_Q1_SAFE_SESSION1_16sub.npz,SEEDV_Q1_SAFE_SESSION3_16sub.npz,Happy,Neutral,Happy->Neutral,0.001270784122780674,0.0003829749367598976,0.0016090574973661987,0.0018040501435669805,0.005066866700473751
SEEDV_Q1_SAFE_SESSION1_16sub.npz,SEEDV_Q1_SAFE_SESSION3_16sub.npz,Happy,Sad,Happy->Sad,0.001956754498228077,0.00022774199079278676,0.0015705704804055305,0.0019214168221445844,0.005676483791570978
SEEDV_Q1_SAFE_SESSION1_16sub.npz,SEEDV_Q1_SAFE_SESSION3_16sub.npz,Neutral,Disgust,Neutral->Disgust,0.001465849504096522,0.0013901473372243353,0.0003846132699566494,0.000394329206236372,0.0036349393175138787
SEEDV_Q1_SAFE_SESSION1_16sub.npz,SEEDV_Q1_SAFE_SESSION3_16sub.npz,Neutral,Fear,Neutral->Fear,0.00027483454794578613,0.0020498381844455647,0.0005253391143577616,0.00044130696055834134,0.003291318807307454
SEEDV_Q1_SAFE_SESSION1_16sub.npz,SEEDV_Q1_SAFE_SESSION3_16sub.npz,Neutral,Happy,Neutral->Happy,0.001125797874382918,0.0012138851646644375,0.0005364035649801652,0.0008894727030392027,0.0037655593070667235
SEEDV_Q1_SAFE_SESSION1_16sub.npz,SEEDV_Q1_SAFE_SESSION3_16sub.npz,Neutral,Neutral,Neutral->Neutral,0.0005281841825871241,0.0010552521795034412,0.0006481130726613282,0.0003240101040795534,0.002555559538831447
SEEDV_Q1_SAFE_SESSION1_16sub.npz,SEEDV_Q1_SAFE_SESSION3_16sub.npz,Neutral,Sad,Neutral->Sad,0.0020767663527900973,0.0006837443775674773,0.0006096260557006602,0.0004742368787576977,0.0038443736648159322
SEEDV_Q1_SAFE_SESSION1_16sub.npz,SEEDV_Q1_SAFE_SESSION3_16sub.npz,Sad,Disgust,Sad->Disgust,0.0011562884264137766,0.0022185838753579273,0.00041166004029080417,0.00027479726448377946,0.004061329606546288
SEEDV_Q1_SAFE_SESSION1_16sub.npz,SEEDV_Q1_SAFE_SESSION3_16sub.npz,Sad,Fear,Sad->Fear,0.0006990406806358977,0.002878274722579157,0.0004211096392412272,0.0002805651473907,0.004278990189846982
SEEDV_Q1_SAFE_SESSION1_16sub.npz,SEEDV_Q1_SAFE_SESSION3_16sub.npz,Sad,Happy,Sad->Happy,0.0016030499589673821,0.0019820804369547183,0.0002555265493269657,0.0007344216549730239,0.004575078600222089
SEEDV_Q1_SAFE_SESSION1_16sub.npz,SEEDV_Q1_SAFE_SESSION3_16sub.npz,Sad,Neutral,Sad->Neutral,0.0010686858069329029,0.0018836887176370335,0.0009678590371983035,0.0004632385581360376,0.004383472119904278
SEEDV_Q1_SAFE_SESSION1_16sub.npz,SEEDV_Q1_SAFE_SESSION3_16sub.npz,Sad,Sad,Sad->Sad,0.0016766050442432363,0.001508565117893297,0.0009293720202376355,0.0005806052367136415,0.004695147419087811
